"","ID","Pregunta 1
","Pregunta 2
","Pregunta 3","Pregunta 32","Pregunta 4","Pregunta 5","Pregunta 6","Pregunta 7","Pregunta 8","Pregunta 9","Pregunta 10","Pregunta 11","Pregunta 12","Barrio Comuna 1","Barrio Comuna 9","Pregunta 13
","Pregunta 14
","Pregunta 15
","Pregunta 16","Ingreso","Pregunta 17","Pregunta 18","Pregunta 19
","Pregunta 20
","Pregunta 21
","Pregunta 22
","Pregunta 23
","Pregunta 24
","Pregunta 25
","Pregunta 26
","Pregunta 27
","Pregunta 28","Pregunta 29
","Pregunta 30","Pregunta 32
","Pregunta 33
","Pregunta 34
","Pregunta 35
","Pregunta 36
","Pregunta 37
","Pregunta 38","Pregunta 39","Pregunta 40","Pregunta 41
","Alcohol","Cafeína","Pregunta 43
","Pregunta 44
","Pregunta 45
","Pregunta 46
","Pregunta 47
","Pregunta 48
","Horario","Escenarios o espacios deportivos","Pregunta 50
","Hongos","Metanfetamina","Implementos","Nicotina","Ayahuasca","Cocaína","Participación comunitaria","Marihuana","Esteroides","Heroína","Capacitación sobre deporte, recreación o salud","Pregunta 51","Popper","Ampliación de oferta","Opiodes","Formador o profesor","Extasis","LSD","Tussi","Otras","Pregunta 52","Pregunta 53","Pregunta 54","IMC"
"1",49,"Usuario","De 18 a 28",NA,"Mujer","Heterosexual (Atracción hacia el sexo opuesto)","Soltero(a) (viudo(a), divorciado(a), unión libre, unión marital de hecho)","Otra","Secundaria","Ama de casa / hombre de casa","1","4 o más","Medellín","1-Popular ",NA,NA,"2","6;8;12;","1;3;6;","SI",NA,"SI","Físico;Emocional;Social;","SI","Ambas","Dos veces","4;10;","10;","NO","Con compañeros de estudio o trabajo","9;",NA,NA,"2","3","SI","NO","SI","Antes;Durante;Después;","Agua;","NO","Con sobrepeso",76,155,"5","No consume","Mensual","SI","SI",NA,"4","4;",NA,"3","3","Buena","No consume","No consume","3","No consume","No consume","No consume","4","No consume","No consume","No consume","4","NO","No consume","4","No consume","5","No consume","No consume","No consume","No consume","NO SÉ","SI","NO SÉ",31.63
"2",66,"Formador","De 29 a 59",NA,"Hombre","Heterosexual (Atracción hacia el sexo opuesto)","Soltero(a) (viudo(a), divorciado(a), unión libre, unión marital de hecho)","Mestizo","Pregrado","Empleado (a)","Ninguno (a)","3","Medellín","1-Popular ",NA,NA,"2","13;","8;","NO",NA,"SI","Físico;Emocional;Social;","SI","Ambas","Tres o más","3;4;","1;2;","SI","Solo","13;",NA,NA,"2","3","NO","NO","SI","Durante;","Agua;","NO","Normal",89,175,"8","Mensual","Diario","SI","SI",NA,"4","3;5;","1;","5","5","Excelente","No consume","No consume","3","No consume","No consume","No consume","4","No consume","No consume","No consume","4","SI","No consume","5","No consume","5","No consume","No consume","No consume","No consume","SI","SI","SI",29.06
"3",72,"Usuario","De 29 a 59",NA,"Mujer","Otra","Soltero(a) (viudo(a), divorciado(a), unión libre, unión marital de hecho)","Ninguna","Secundaria","Ama de casa / hombre de casa","2","4 o más","Medellín","1-Popular ",NA,NA,"2","13;","8;","NO",NA,"SI","Social;","SI","Ambas","Dos veces","8;","9;","NO","Con la familia","6;",NA,NA,"2","3","SI","SI","SI","Después;","Agua;","NO","Normal",60,160,"6","No consume","No consume","SI","SI",NA,"5","4;","3;","3","3","Excelente","No consume","No consume","4","No consume","No consume","No consume","4","No consume","No consume","No consume","3","NO","No consume","4","No consume","4","No consume","No consume","No consume","No consume","SI","SI","SI",23.44
"4",73,"Usuario","De 18 a 28",NA,"Hombre","Heterosexual (Atracción hacia el sexo opuesto)","Soltero(a) (viudo(a), divorciado(a), unión libre, unión marital de hecho)","Ninguna","Técnico","Empleado (a)","1","2","Medellín","1-Popular ",NA,NA,"1","13;","8;","NO",NA,"SI","Físico;","SI","Dirigida","Tres o más","3;","4;5;","SI","Con pareja/cónyuge/novio(a)","13;",NA,NA,"2","4 o más","SI","NO","SI","Durante;","Agua;","NO","Normal",80.5,174,"8","Mensual","Diario","SI","NO","No conozco la oferta","10","8;",NA,"1","1","Por mejorar","No consume","No consume","1","No consume","No consume","No consume","1","No consume","No consume","No consume","1","NO","No consume","1","No consume","1","No consume","No consume","No consume","No consume","NO SÉ","NO","NO SÉ",26.59
"5",75,"Formador","De 29 a 59",NA,"Mujer","Heterosexual (Atracción hacia el sexo opuesto)","Casado(a) ","Mestizo","Técnico","Otra","3","4 o más","Medellín","1-Popular ",NA,NA,"2","13;","8;","NO",NA,"SI","Emocional;","SI","Por cuenta propia","Dos veces","6;7;9;","1;6;","NO","Con amigos","3;9;",NA,NA,"7","3","SI","SI","SI","Durante;","Agua;","NO","Con sobrepeso",98,168,"5","Mensual","No consume","SI","SI",NA,"6","4;7;","4;","5","4","Buena","No consume","No consume","3","No consume","No consume","No consume","5","No consume","No consume","No consume","3","SI","No consume","4","No consume","3","No consume","No consume","No consume","No consume","SI","SI","SI",34.72
"6",76,"Formador","De 29 a 59",NA,"Mujer","Heterosexual (Atracción hacia el sexo opuesto)","Soltero(a) (viudo(a), divorciado(a), unión libre, unión marital de hecho)","Mestizo","Secundaria","Empleado (a)","2","4 o más","Medellín","1-Popular ",NA,NA,"2","13;","8;","NO",NA,"SI","Emocional;Físico;Social;","SI","Ambas","Dos veces","4;","4;","NO","Con la familia","9;",NA,NA,"2","3","NO","NO","SI","Durante;Antes;","Agua;Bebidas hidratantes;","NO","Normal",59,157,"8","No consume","No consume","SI","SI",NA,"5","4;","4;","5","5","Excelente","No consume","No consume","5","No consume","No consume","No consume","5","No consume","No consume","No consume","5","SI","No consume","5","No consume","5","No consume","No consume","No consume","No consume","SI","SI","SI",23.94
"7",81,"Usuario","De 29 a 59",NA,"Hombre","Heterosexual (Atracción hacia el sexo opuesto)","Soltero(a) (viudo(a), divorciado(a), unión libre, unión marital de hecho)","Ninguna","Técnico","Empleado (a)","Ninguno (a)","2","Medellín","1-Popular ",NA,NA,"1","2;3;","8;","NO",NA,"No es usuario del INDER Medellín",NA,"SI","Por cuenta propia","Dos veces","4;7;","2;","NO","Solo","14;",NA,NA,"2","4 o más","NO","NO","SI","Durante;","Agua;","NO","Con sobrepeso",100,170,"5","No consume","Diario","SI","NO","Tengo otras opciones para ello","3","8;","3;","3","2","Buena","No consume","No consume","2","No consume","No consume","No consume","2","No consume","No consume","No consume","2","SI","No consume","2","No consume","4","No consume","No consume","No consume","No consume","SI","SI","NO",34.6
"8",85,"Usuario","De 29 a 59",NA,"Mujer","Heterosexual (Atracción hacia el sexo opuesto)","Casado(a) ","Mestizo","Secundaria","Ama de casa / hombre de casa","2","3","Medellín","1-Popular ",NA,NA,"3","5;","8;","NO",NA,"SI","Emocional;Físico;Social;","SI","Dirigida","Tres o más","4;","1;10;","SI","Solo","3;",NA,NA,"8","4 o más","SI","SI","NO","Después;","Otras;","NO","Normal",60,155,"5","No consume","Diario","SI","SI",NA,"4","4;5;","1;5;","4","4","Buena","No consume","No consume","4","No consume","No consume","No consume","4","No consume","No consume","No consume","3","NO","No consume","3","No consume","5","No consume","No consume","No consume","No consume","NO SÉ","NO","NO SÉ",24.97
"9",87,"Usuario","De 29 a 59",NA,"Mujer","Heterosexual (Atracción hacia el sexo opuesto)","Soltero(a) (viudo(a), divorciado(a), unión libre, unión marital de hecho)","Mestizo","Pregrado","Empleado (a)","2","3","Medellín","1-Popular ",NA,NA,"1","13;","8;","NO",NA,"SI","Emocional;Físico;Social;","NO",NA,NA,NA,NA,NA,NA,NA,"6;",NA,"2","3","SI","SI","SI","Antes;Durante;Después;","Agua;Gaseosas;","NO","Con sobrepeso",72,160,"5","No consume","Diario","SI","SI",NA,"4","5;8;","1;3;5;","3","3","Buena","No consume","No consume","3","No consume","No consume","No consume","4","No consume","No consume","No consume","2","SI","No consume","3","No consume","3","No consume","No consume","No consume","No consume","NO SÉ","SI","SI",28.12
"10",104,"Usuario","De 29 a 59",NA,"Hombre","Heterosexual (Atracción hacia el sexo opuesto)","Casado(a) ","Otra","Secundaria","Pensionado (a)/Jubilado (a)","1","2","Medellín","1-Popular ",NA,NA,"2","13;","8;","SI",NA,"No es usuario del INDER Medellín",NA,"NO",NA,NA,NA,NA,NA,NA,NA,"9;",NA,"8","3","NO","NO","NO","Durante;","Agua;","NO","Normal",74,172,"6","No consume","No consume","SI","NO","Incompatibilidad horaria","3","4;7;8;","3;4;5;","4","2","Por mejorar","No consume","No consume","3","No consume","No consume","No consume","4","No consume","No consume","No consume","2","NO","No consume","3","No consume","4","No consume","No consume","No consume","No consume","NO SÉ","NO","SI",25.01
"11",105,"Usuario","De 29 a 59",NA,"Hombre","Heterosexual (Atracción hacia el sexo opuesto)","Soltero(a) (viudo(a), divorciado(a), unión libre, unión marital de hecho)","Mestizo","Pregrado","Desempleado (a)","2","Solo (a)","Medellín","1-Popular ",NA,NA,"3","12;","1;","NO",NA,"NO",NA,"NO",NA,NA,NA,NA,NA,NA,NA,"8;","Crear espacios de diálogo ciudadano;","6","2","SI","SI","SI","Después;","Agua;","SI","Normal",74,171,"4","No consume","Mensual","SI","NO","Incompatibilidad horaria","4","4;","4;","5","5","Buena","No consume","No consume","5","Mensual","No consume","No consume","5","No consume","No consume","No consume","3","NO","No consume","2","No consume","2","No consume","No consume","No consume","No consume","NO","NO","NO SÉ",25.31
"12",146,"Usuario del INDER","De 60 o más",NA,"Mujer","Heterosexual (Atracción hacia el sexo opuesto)","Casado(a) ","Mestizo","Secundaria","Pensionado (a)/Jubilado (a)","2","4 o más","Medellín","1-Popular ",NA,NA,"2","2;5;","8;","NO",NA,"SI","Social;","NO",NA,NA,NA,NA,NA,NA,NA,"8;","Presencia de la policía;","2","4 o más","SI","NO","SI","Durante;","Agua;","NO","Con sobrepeso",83,150,"8","No consume","Diario","SI","SI",NA,"4","4;","5;","5","5","Excelente","No consume","No consume","5","No consume","No consume","No consume","5","No consume","No consume","No consume","5","SI","No consume","5","No consume","5","No consume","No consume","No consume","No consume","SI","SI","SI",36.89
"13",163,"No usuario del INDER","De 29 a 59",NA,"Mujer","Heterosexual (Atracción hacia el sexo opuesto)","Soltero(a) (viudo(a), divorciado(a), unión libre, unión marital de hecho)","Ninguna","Pregrado","Empleado (a)","1","2","Medellín","1-Popular ",NA,NA,"1","1;","8;","SI",NA,"No es usuario del INDER Medellín",NA,"SI","Dirigida","Tres o más","3;","9;","SI","Con pareja/cónyuge/novio(a)","9;",NA,NA,"2","4 o más","SI","NO","SI","Durante;Antes;Después;","Agua;","NO","Normal",72,157,"8","Mensual","Semanal","SI","NO","No conozco la oferta","10","4;",NA,"1","1","Regular","No consume","No consume","1","No consume","No consume","No consume","1","No consume","No consume","No consume","1","NO","No consume","1","No consume","1","No consume","No consume","No consume","No consume","NO SÉ","NO","NO SÉ",29.21
"14",174,"Usuario del INDER","De 29 a 59",NA,"Hombre","Heterosexual (Atracción hacia el sexo opuesto)","Soltero(a) (viudo(a), divorciado(a), unión libre, unión marital de hecho)","Ninguna","Pregrado","Empleado (a)","Ninguno (a)","2","Medellín","1-Popular ",NA,NA,"2","13;","8;","NO",NA,"SI","Social;","SI","Ambas","Tres o más","4;8;","1;6;9;","NO","Con amigos","9;",NA,NA,"1","3","SI","SI","SI","Durante;Después;","Agua;","NO","Con sobrepeso",100,168,"5","Mensual","Diario","SI","SI",NA,"4","1;4;8;","3;5;","2","4","Buena","No consume","No consume","4","No consume","No consume","No consume","4","No consume","No consume","No consume","4","SI","No consume","2","No consume","4","No consume","No consume","No consume","No consume","SI","SI","SI",35.43
"15",202,"Usuario del INDER","De 29 a 59",NA,"Mujer","Heterosexual (Atracción hacia el sexo opuesto)","Soltero(a) (viudo(a), divorciado(a), unión libre, unión marital de hecho)","Mestizo","Secundaria","Ama de casa / hombre de casa","2","4 o más","Medellín","1-Popular ",NA,NA,"1","13;","8;","NO",NA,"SI","Físico;Emocional;","SI","Dirigida","Tres o más","4;","1;9;","NO","Con la familia","9;",NA,NA,"1","3","NO","NO","SI","Durante;Antes;Después;","Agua;","NO","Normal",65,164,"8","Mensual","No consume","SI","SI",NA,"6","3;4;8;",NA,"5","5","Excelente","No consume","No consume","5","No consume","No consume","No consume","4","No consume","No consume","No consume","5","NO","No consume","5","No consume","5","No consume","No consume","No consume","No consume","SI","SI","SI",24.17
"16",297,"Usuario del INDER","De 18 a 28",NA,"Mujer","Heterosexual (Atracción hacia el sexo opuesto)","Soltero(a) (viudo(a), divorciado(a), unión libre, unión marital de hecho)","Mestizo","Secundaria","Ama de casa / hombre de casa","2","3","Medellín","1-Popular ","Popular 1 y 2",NA,"1","13;","8;","SI",1,"SI","Social;","NO",NA,NA,NA,NA,NA,NA,NA,"6;8;",NA,"8","3","SI","SI","SI","Durante;","Agua;","SI","Normal",62,160,"7","No consume","Semanal","SI","SI",NA,"8","5;8;","8;","5","4","Buena","No consume","No consume","3","No consume","No consume","No consume","2","No consume","No consume","No consume","4","NO","No consume","5","No consume","5","No consume","No consume","No consume","No consume","NO SÉ","NO","SI",24.22
"17",300,"Acudiente","De 18 a 28",NA,"Mujer","Heterosexual (Atracción hacia el sexo opuesto)","Soltero(a) (viudo(a), divorciado(a), unión libre, unión marital de hecho)","Mestizo","Técnico","Ama de casa / hombre de casa","3","4 o más","Medellín","1-Popular ","Popular 1 y 2",NA,"2","13;","8;","NO",10,"No es usuario del INDER Medellín",NA,"NO",NA,NA,NA,NA,NA,NA,NA,"6;","Crear espacios de diálogo ciudadano;","13","3","SI","SI","SI","Después;","Agua;","NO","Delgado",62,164,"5","No consume","Diario","NO","NO","No conozco la oferta","10","4;7;","9;","3","3","Buena","No consume","No consume","3","No consume","No consume","No consume","3","No consume","No consume","No consume","3","NO","No consume","3","No consume","3","No consume","No consume","No consume","No consume","NO SÉ","NO","NO SÉ",23.05
"18",347,"No es usuario del INDER","De 29 a 59",NA,"Mujer","Heterosexual (Atracción hacia el sexo opuesto)","Soltero(a) (viudo(a), divorciado(a), unión libre, unión marital de hecho)","Mestizo","Pregrado","Desempleado (a)","2","3","Medellín","1-Popular ","Santo Domingo Savio",NA,"1","13;","8;","NO",1,"No es usuario del INDER Medellín",NA,"SI","Ambas","Una vez","4;7;8;","1;7;","NO","Con amigos","16;",NA,NA,"3","3","SI","SI","SI","Antes;Durante;Después;","Agua;","NO","Con sobrepeso",72,163,"6","No consume","No consume","NO","NO","Cuido a un familiar","10","2;6;","9;","3","3","Buena","No consume","No consume","3","No consume","No consume","No consume","3","No consume","No consume","No consume","3","NO","No consume","3","No consume","3","No consume","No consume","No consume","No consume","NO SÉ","NO","NO SÉ",27.1
"19",354,"Acudiente","De 18 a 28",NA,"Mujer","Heterosexual (Atracción hacia el sexo opuesto)","Casado(a) ","Ninguna","Técnico","Ama de casa / hombre de casa","1","2","Medellín","1-Popular ","Popular 1 y 2",NA,"2","13;","8;","SI",1e+06,"SI","Social;","NO",NA,NA,NA,NA,NA,NA,NA,"10;",NA,"8","3","NO","NO","SI","Durante;","Agua;","NO","Con sobrepeso",73,161,"5","No consume","Mensual","SI","SI",NA,"8","4;7;8;","8;","5","5","Excelente","No consume","No consume","5","No consume","No consume","No consume","5","No consume","No consume","No consume","5","NO","No consume","5","No consume","5","No consume","No consume","No consume","No consume","NO SÉ","NO","NO SÉ",28.16
"20",377,"Usuario del INDER","De 18 a 28",NA,"Hombre","Heterosexual (Atracción hacia el sexo opuesto)","Soltero(a) (viudo(a), divorciado(a), unión libre, unión marital de hecho)","Ninguna","Técnico","Empleado (a)","Ninguno (a)","3","Medellín","1-Popular ","San Pablo",NA,"2","13;","8;","NO",1500000,"SI","Emocional;Físico;","SI","Por cuenta propia","Dos veces","4;","1;","NO","Solo","9;",NA,NA,"1","3","SI","SI","SI","Durante;","Agua;","NO","Con sobrepeso",84,175,"5","Mensual","No consume","SI","SI",NA,"6","3;","1;2;3;","1","2","Regular","No consume","No consume","2","No consume","No consume","No consume","2","No consume","No consume","No consume","2","SI","No consume","4","No consume","5","No consume","No consume","No consume","No consume","NO","SI","NO SÉ",27.43
"21",416,"Usuario del INDER","De 18 a 28",NA,"Hombre","Heterosexual (Atracción hacia el sexo opuesto)","Soltero(a) (viudo(a), divorciado(a), unión libre, unión marital de hecho)","Blanco","Tecnológico","Empleado (a)","Ninguno (a)","4 o más","Medellín","1-Popular ","La Avanzada",NA,"1","13;","8;","SI",1000,"SI","Emocional;Físico;Social;","SI","Ambas","Tres o más","4;8;9;","2;6;9;","SI","Con amigos","2;9;13;",NA,NA,"1","3","NO","NO","SI","Antes;Durante;Después;","Agua;Bebidas hidratantes;","NO","Normal",70,178,"6","Mensual","Semanal","SI","SI",NA,"7","1;2;4;","6;","4","4","Buena","No consume","No consume","4","No consume","No consume","No consume","4","No consume","No consume","No consume","4","NO","No consume","4","No consume","5","No consume","No consume","No consume","No consume","NO SÉ","SI","SI",22.09
"22",461,"Usuario del INDER","De 29 a 59",NA,"Mujer","Heterosexual (Atracción hacia el sexo opuesto)","Casado(a) ","Mestizo","Tecnológico","Empleado (a)","1","3","Medellín","1-Popular ","Popular 1 y 2",NA,"2","1;","8;","NO",2e+06,"SI","Emocional;Físico;","NO",NA,NA,NA,NA,NA,NA,NA,"4;",NA,"13","3","SI","NO","NO","Durante;","Agua;","NO","Con obesidad",70,155,"6","Mensual","Diario","SI","SI",NA,"3","4;","8;","5","3","Buena","No consume","No consume","3","No consume","No consume","No consume","4","No consume","No consume","No consume","3","NO","No consume","3","No consume","5","No consume","No consume","No consume","No consume","NO SÉ","NO","SI",29.14
"23",495,"Usuario del INDER","De 29 a 59",NA,"Mujer","Heterosexual (Atracción hacia el sexo opuesto)","Casado(a) ","Mestizo","Primaria","Empleado (a)","1","4 o más","Medellín","1-Popular ","Popular 1 y 2",NA,"2","13;","8;","NO",2e+06,"SI","Emocional;Físico;Social;","SI","Dirigida","Dos veces","4;","1;2;6;","SI","Con la familia","6;",NA,NA,"8","3","NO","NO","SI","Durante;","Agua;","NO","Con obesidad mórbida",70,158,"5","No consume","Semanal","NO","SI",NA,"5","4;","8;","4","4","Excelente","No consume","No consume","4","No consume","No consume","No consume","4","No consume","No consume","No consume","4","NO","No consume","4","No consume","4","No consume","No consume","No consume","No consume","NO SÉ","NO","NO SÉ",28.04
"24",501,"Usuario del INDER","De 18 a 28",NA,"Mujer","No deseo responder","Soltero(a) (viudo(a), divorciado(a), unión libre, unión marital de hecho)","Mestizo","Secundaria","Estudiante","Ninguno (a)","3","Medellín","1-Popular ","Popular 1 y 2",NA,"No aplica","13;","8;","NO",60,"SI","Físico;Emocional;","SI","Ambas","Dos veces","4;","1;7;9;","NO","Con la familia","6;9;",NA,NA,"12","4 o más","SI","SI","SI","Durante;","Agua;Bebidas hidratantes;Otras;","NO","Normal",50,176,"10","Quincenal","No consume","NO","SI",NA,"4","4;7;8;","8;","5","5","Buena","No consume","No consume","4","No consume","No consume","No consume","4","No consume","No consume","No consume","5","NO","No consume","4","No consume","5","No consume","No consume","No consume","No consume","SI","NO","SI",16.14
"25",502,"Usuario del INDER","De 29 a 59",NA,"Mujer","Heterosexual (Atracción hacia el sexo opuesto)","Soltero(a) (viudo(a), divorciado(a), unión libre, unión marital de hecho)","Mestizo","Secundaria","Ama de casa / hombre de casa","4 ó más","2","Medellín","1-Popular ","Popular 1 y 2",NA,"2","13;","8;","NO",500,"SI","Emocional;Físico;","SI","Ambas","Dos veces","4;","1;7;9;","NO","Con la familia","6;9;",NA,NA,"2","4 o más","NO","NO","NO","Después;","Agua;","NO","Normal",68,163,"10","No consume","No consume","NO","SI",NA,"4","4;","8;","5","5","Buena","No consume","No consume","4","No consume","No consume","No consume","4","No consume","No consume","No consume","5","NO","No consume","5","No consume","4","No consume","No consume","No consume","No consume","SI","NO","NO SÉ",25.59
"26",517,"Acudiente","De 29 a 59",NA,"Mujer","Heterosexual (Atracción hacia el sexo opuesto)","Casado(a) ","Mestizo","Primaria","Ama de casa / hombre de casa","3","3","Medellín","1-Popular ","Popular 1 y 2",NA,"2","13;","8;","NO",2e+06,"SI","Emocional;Físico;","SI","Dirigida","Dos veces","4;","1;","NO","Con amigos","6;",NA,NA,"2","3","SI","SI","SI","Durante;","Agua;","NO","Normal",65,150,"8","No consume","No consume","SI","SI",NA,"4","3;","8;","5","5","Buena","No consume","No consume","5","No consume","No consume","No consume","5","No consume","No consume","No consume","5","NO","No consume","5","No consume","5","No consume","No consume","No consume","No consume","NO SÉ","NO","NO SÉ",28.89
"27",565,"Usuario del INDER","De 29 a 59",NA,"Hombre","Heterosexual (Atracción hacia el sexo opuesto)","Soltero(a) (viudo(a), divorciado(a), unión libre, unión marital de hecho)","Blanco","Secundaria","Empleado (a)","Ninguno (a)","2","Medellín","1-Popular ","Popular 1 y 2",NA,"2","13;","8;","NO",1e+06,"SI","Físico;","SI","Ambas","Tres o más","3;4;7;","1;6;10;","NO","Solo","2;9;",NA,NA,"1","3","SI","SI","SI","Durante;","Agua;","NO","Delgado",69,165,"8","Quincenal","Semanal","SI","SI",NA,"4","4;","8;","5","5","Excelente","No consume","No consume","4","No consume","No consume","No consume","4","No consume","No consume","No consume","4","SI","No consume","4","No consume","5","No consume","No consume","No consume","No consume","NO SÉ","NO","NO SÉ",25.34
"28",584,"Usuario del INDER","De 29 a 59",NA,"Mujer","Heterosexual (Atracción hacia el sexo opuesto)","Soltero(a) (viudo(a), divorciado(a), unión libre, unión marital de hecho)","Mestizo","Tecnológico","Empleado (a)","1","4 o más","Medellín","1-Popular ","San Pablo",NA,"2","13;","8;","NO",1200000,"SI","Físico;","NO",NA,NA,NA,NA,NA,NA,NA,"1;2;6;","Acompañamiento de personal del INDER;Presencia de la policía;","6","3","NO","NO","SI","Durante;","Agua;","NO","Normal",45,160,"7","Quincenal","Diario","SI","NO","No conozco la oferta","10","4;","1;5;","2","3","Regular","No consume","No consume","2","Diario","No consume","No consume","2","No consume","No consume","No consume","2","NO","No consume","2","No consume","2","No consume","No consume","No consume","No consume","NO SÉ","NO","NO SÉ",17.58
"29",680,"Formador del INDER","De 6 a 12","Mujer",NA,NA,NA,"Mestizo","Secundaria","Desempleado (a)","1","1","Medellín","1-Popular ","Villa Guadalupe",NA,"6","8;","7;","NO",444,"SI","Emocional;","SI","Dirigida","Una vez","10;","2;","SI","Con compañeros de estudio o trabajo","1;",NA,NA,"1","1","NO","NO","NO","Después;","Otras;","NO","Con obesidad mórbida",66,166.6,"1","Diario","Diario","NO",NA,NA,NA,NA,NA,NA,NA,NA,"Diario","Diario",NA,"Diario","Diario","Diario",NA,"Diario","Diario","Diario",NA,"SI","Diario",NA,"Diario",NA,"Diario","Diario","Diario","Diario","SI","SI","SI",23.78
"30",682,"Usuario del INDER","De 29 a 59",NA,"Mujer","No deseo responder","Soltero(a) (viudo(a), divorciado(a), unión libre, unión marital de hecho)","Afrodescendiente, Mulato o Negro","Técnico","Ama de casa / hombre de casa","1","4 o más","Medellín","1-Popular ","Aldea Pablo VI",NA,"2","13;","8;","NO",1e+05,"SI","Físico;","SI","Ambas","Tres o más","3;","1;","NO","Con amigos","3;",NA,NA,"1","3","NO","NO","SI","Después;","Agua;","NO","Normal",63,157,"6","Mensual","Semanal","NO",NA,NA,NA,NA,NA,NA,NA,NA,"No consume","No consume",NA,"No consume","No consume","No consume",NA,"No consume","No consume","No consume",NA,"NO","No consume",NA,"No consume",NA,"No consume","No consume","No consume","No consume","SI","NO","SI",25.56
"31",697,"Usuario del INDER","De 29 a 59",NA,"Mujer","Heterosexual (Atracción hacia el sexo opuesto)","Casado(a) ","Otra","Primaria","Ama de casa / hombre de casa","2","3","Medellín","1-Popular ","Popular 1 y 2",NA,"1","1;2;7;12;","7;","NO",500,"SI","Físico;","SI","Ambas","Tres o más","1;4;6;","1;2;6;","NO","Con amigos","3;6;9;",NA,NA,"8","3","NO","NO","SI","Durante;","Agua;","NO","Con obesidad",77,156,"8","Mensual","Diario","SI","SI",NA,"6","4;5;7;","8;","5","5","Excelente","No consume","No consume","5","No consume","No consume","No consume","5","No consume","No consume","No consume","5","NO","No consume","5","No consume","5","No consume","No consume","No consume","No consume","NO","NO","NO SÉ",31.64
"32",874,"Usuario del INDER","De 29 a 59",NA,"Mujer","Heterosexual (Atracción hacia el sexo opuesto)","Soltero(a) (viudo(a), divorciado(a), unión libre, unión marital de hecho)","Raizal","Secundaria","Empleado (a)","4 ó más","3","Medellín","1-Popular ","San Pablo",NA,"1","13;","8;","SI",8e+05,"SI","Físico;Social;Emocional;","SI","Ambas","Dos veces","4;","1;3;6;","NO","Con amigos","9;",NA,NA,"10","3","SI","SI","SI","Durante;","Agua;Bebidas hidratantes;Gaseosas;","NO","Con sobrepeso",70,158,"4","Mensual","Diario","SI","SI",NA,"4","1;4;7;","5;","5","5","Excelente","No consume","No consume","2","No consume","No consume","No consume","3","No consume","No consume","No consume","1","SI","No consume","1","No consume","1","No consume","No consume","No consume","No consume","SI","SI","SI",28.04
"33",963,"Usuario del INDER","De 29 a 59",NA,"Mujer","Heterosexual (Atracción hacia el sexo opuesto)","Soltero(a) (viudo(a), divorciado(a), unión libre, unión marital de hecho)","Afrodescendiente, Mulato o Negro","Tecnológico","Empleado (a)","1","2","Medellín","1-Popular ","San Pablo",NA,"2","13;","8;","NO",2e+06,"SI","Emocional;","SI","Ambas","Tres o más","4;","1;","NO","Con amigos","9;",NA,NA,"2","4 o más","SI","SI","SI","Durante;","Agua;","NO","Normal",76,168,"10","Mensual","No consume","SI","SI",NA,"5","4;","8;","5","5","Excelente","No consume","No consume","4","No consume","No consume","No consume","5","No consume","No consume","No consume","4","NO","No consume","5","No consume","5","No consume","No consume","No consume","No consume","NO SÉ","SI","SI",26.93
"34",1286,"No es usuario del INDER","De 60 o más",NA,"Hombre","Otra","Soltero(a) (viudo(a), divorciado(a), unión libre, unión marital de hecho)","Afrodescendiente, Mulato o Negro","Secundaria","Empleado (a)","2","3","Medellín","1-Popular ","Villa Guadalupe",NA,"2","13;","8;","NO",680000,"NO",NA,"NO",NA,NA,NA,NA,NA,NA,NA,"6;",NA,"4","3","NO","NO","SI","Durante;","Agua;","NO","Normal",83,175,"6","No consume","No consume","SI","SI",NA,"1","4;","9;",NA,NA,"Buena","No consume","No consume",NA,"Diario","No consume","No consume",NA,"No consume","No consume","No consume",NA,"SI","No consume",NA,"No consume",NA,"No consume","No consume","No consume","No consume","NO SÉ","NO","NO SÉ",27.1
"35",1287,"No es usuario del INDER","De 29 a 59",NA,"Hombre","Otra","Soltero(a) (viudo(a), divorciado(a), unión libre, unión marital de hecho)","Afrodescendiente, Mulato o Negro","Secundaria","Empleado (a)","2","3","Medellín","1-Popular ","Villa Guadalupe",NA,"2","13;","8;","NO",780000,"NO",NA,"NO",NA,NA,NA,NA,NA,NA,NA,"6;",NA,"4","3","NO","NO","NO","Después;","Agua;","NO","Normal",87,172,"6","No consume","No consume","SI","NO","Incompatibilidad horaria",NA,NA,NA,NA,NA,NA,"No consume","No consume",NA,"No consume","No consume","No consume",NA,"No consume","No consume","No consume",NA,"NO","No consume",NA,"No consume",NA,"No consume","No consume","No consume","No consume","NO SÉ","NO","NO SÉ",29.41
"36",1362,"Usuario del INDER","De 18 a 28",NA,"Hombre","Heterosexual (Atracción hacia el sexo opuesto)","Soltero(a) (viudo(a), divorciado(a), unión libre, unión marital de hecho)","Ninguna","Tecnológico","Empleado (a)","1","Solo (a)","Medellín","1-Popular ","Santo Domingo Savio",NA,"1","13;","8;","NO",1500000,"NO",NA,"NO",NA,NA,NA,NA,NA,NA,NA,"10;",NA,"1","3","NO","NO","SI","Antes;Durante;Después;","Agua;","SI","Normal",83,183,"6","Quincenal","Diario","SI","SI",NA,"4","4;","8;","3","5","Buena","No consume","No consume","5","No consume","No consume","No consume","5","No consume","No consume","No consume","4","SI","No consume","5","No consume",NA,"No consume","No consume","No consume","No consume","SI","NO","SI",24.78
"37",1809,"Usuario del INDER","De 29 a 59",NA,"Mujer","Heterosexual (Atracción hacia el sexo opuesto)","Soltero(a) (viudo(a), divorciado(a), unión libre, unión marital de hecho)","Mestizo","Técnico","Empleado (a)","2","2","Medellín","1-Popular ","Popular 1 y 2",NA,"No aplica","13;","8;","NO",550000,"SI","Físico;","SI","Por cuenta propia","Una vez","8;","1;","NO","Con pareja/cónyuge/novio(a)","16;",NA,NA,"5","3","SI","SI","SI","Durante;","Agua;","NO","Con sobrepeso",80,164,"6","No consume","Diario","NO",NA,NA,NA,NA,NA,NA,NA,NA,"No consume","No consume",NA,"No consume","No consume","No consume",NA,"No consume","No consume","No consume",NA,"NO","No consume",NA,"No consume",NA,"No consume","No consume","No consume","No consume","NO SÉ","SI","NO SÉ",29.74
"38",1982,"Usuario del INDER","De 29 a 59",NA,"Hombre","Heterosexual (Atracción hacia el sexo opuesto)","Soltero(a) (viudo(a), divorciado(a), unión libre, unión marital de hecho)","Blanco","Técnico","Ama de casa / hombre de casa","Ninguno (a)","1","Medellín","1-Popular ","Popular 1 y 2",NA,"2","4;","1;2;","SI",950000,"SI","Emocional;Físico;","SI","Ambas","Tres o más","1;4;8;","2;5;10;","NO","Solo","6;9;",NA,NA,"7","3","SI","SI","SI","Durante;","Agua;","SI","Normal",72,170,"7","No consume","Diario","SI","SI",NA,"4","4;8;","5;","5","4","Buena","No consume","No consume","3","No consume","No consume","No consume","4","No consume","No consume","No consume","4","NO","No consume","3","No consume","5","No consume","No consume","No consume","No consume","NO SÉ","NO","NO SÉ",24.91
"39",2107,"Usuario del INDER","De 29 a 59",NA,"Mujer","Heterosexual (Atracción hacia el sexo opuesto)","Casado(a) ","Blanco","Secundaria","Otra","4 ó más","4 o más","Medellín","1-Popular ","Popular 1 y 2",NA,"2","4;","8;","NO",1600000,"SI","Emocional;Físico;Social;","SI","Ambas","Dos veces","1;4;","1;4;","NO","Con pareja/cónyuge/novio(a)","6;17;",NA,NA,"2","3","SI","SI","NO","Durante;","Agua;","NO","Con sobrepeso",65,153,"5","No consume","Diario","NO",NA,NA,NA,NA,NA,NA,NA,NA,"No consume","No consume",NA,"No consume","No consume","No consume",NA,"No consume","No consume","No consume",NA,"NO","No consume",NA,"No consume",NA,"No consume","No consume","No consume","No consume","NO SÉ","NO","NO SÉ",27.77
"40",2108,"Usuario del INDER","De 29 a 59",NA,"Mujer","Heterosexual (Atracción hacia el sexo opuesto)","Soltero(a) (viudo(a), divorciado(a), unión libre, unión marital de hecho)","Mestizo","Sin estudio","Ama de casa / hombre de casa","3","4 o más","Medellín","1-Popular ","Popular 1 y 2",NA,"2","2;8;12;","1;","NO",400,"SI","Emocional;Físico;Social;","SI","Ambas","Tres o más","2;4;8;","1;2;10;","NO","Solo","9;",NA,NA,"2","2","SI","SI","SI","Durante;","Agua;","NO","Con sobrepeso",98,154,"5","No consume","Diario","SI","SI",NA,"4","4;8;","8;","5","5","Excelente","No consume","No consume","5","No consume","No consume","No consume","4","No consume","No consume","No consume","5","NO","No consume","4","No consume","5","No consume","No consume","No consume","No consume","SI","NO","NO SÉ",41.32
"41",2121,"Acudiente","De 29 a 59",NA,"Mujer","Heterosexual (Atracción hacia el sexo opuesto)","Soltero(a) (viudo(a), divorciado(a), unión libre, unión marital de hecho)","Mestizo","Técnico","Ama de casa / hombre de casa","4 ó más","4 o más","Medellín","1-Popular ","Popular 1 y 2",NA,"2","13;","8;","SI",1e+06,"SI","Social;","NO",NA,NA,NA,NA,NA,NA,NA,"6;",NA,"3","3","SI","NO","SI","Durante;","Agua;","NO","Normal",68,160,"8","No consume","No consume","SI","SI",NA,"7","8;","9;","5","5","Buena","No consume","No consume","5","No consume","No consume","No consume","5","No consume","No consume","No consume","5","SI","No consume","5","No consume","5","No consume","No consume","No consume","No consume","SI","SI","SI",26.56
"42",2124,"Usuario del INDER","De 29 a 59",NA,"Hombre","No deseo responder","Soltero(a) (viudo(a), divorciado(a), unión libre, unión marital de hecho)","Raizal","Secundaria","Desempleado (a)","Ninguno (a)","4 o más","Medellín","1-Popular ","Popular 1 y 2",NA,"2","12;","1;2;","SI",3e+05,"SI","Emocional;Físico;Social;","SI","Ambas","Tres o más","4;8;10;","1;6;8;","NO","Con amigos","6;9;10;",NA,NA,"1","3","NO","NO","SI","Antes;Durante;Después;","Agua;","NO","Normal",50,157,"3","No consume","Semanal","SI","SI",NA,"1","3;4;8;","3;4;5;","5","4","Buena","No consume","No consume","4","No consume","No consume","No consume","4","No consume","No consume","No consume","5","SI","No consume","5","No consume","5","No consume","No consume","No consume","No consume","SI","SI","SI",20.28
"43",2158,"Usuario del INDER","De 18 a 28",NA,"Mujer","Heterosexual (Atracción hacia el sexo opuesto)","Soltero(a) (viudo(a), divorciado(a), unión libre, unión marital de hecho)","Ninguna","Pregrado","Empleado (a)","1","3","Medellín","1-Popular ","Aldea Pablo VI",NA,"1","13;","8;","NO",4e+06,"SI","Emocional;","NO",NA,NA,NA,NA,NA,NA,NA,"6;","Acompañamiento de personal del INDER;","2","4 o más","SI","SI","SI","Durante;","Agua;","NO","Delgado",65,165,"10","No consume","No consume","SI","SI",NA,"6","4;","8;","5","5","Excelente","No consume","No consume","5","No consume","No consume","No consume","5","No consume","No consume","No consume","5","SI","No consume","5","No consume","5","No consume","No consume","No consume","No consume","SI","SI","SI",23.88
"44",2467,"Acudiente","De 29 a 59",NA,"Mujer","Heterosexual (Atracción hacia el sexo opuesto)","Soltero(a) (viudo(a), divorciado(a), unión libre, unión marital de hecho)","Ninguna","Secundaria","Ama de casa / hombre de casa","2","4 o más","Medellín","1-Popular ","Santo Domingo Savio",NA,"1","13;","8;","SI",1e+06,"SI","Físico;","SI","Dirigida","Tres o más","3;","9;","SI","Con amigos","9;",NA,NA,"2","3","SI","SI","SI","Antes;Durante;Después;","Agua;","NO","Normal",67,150,"8","No consume","No consume","SI","SI",NA,"7","7;","8;","5","5","Excelente","No consume","No consume","5","No consume","No consume","No consume","5","No consume","No consume","No consume","5","NO","No consume","5","No consume","5","No consume","No consume","No consume","No consume","SI","SI","SI",29.78
"45",2649,"Usuario del INDER","De 6 a 12","Hombre",NA,NA,NA,"Otra","Primaria","Estudiante","1","2","Medellín","1-Popular ","Santo Domingo Savio",NA,"1","12;","2;4;","NO",1e+06,"SI","Físico;","SI","Dirigida","Dos veces","4;6;8;","2;9;","NO","Con amigos","4;9;12;",NA,NA,"1","4 o más","NO","NO","SI","Después;Durante;","Agua;","NO","Normal",40,156,"6","No consume","No consume","SI","SI",NA,"9","4;8;","8;","4","4","Buena","No consume","No consume","4","No consume","No consume","No consume","3","No consume","No consume","No consume","3","NO","No consume","4","No consume","5","No consume","No consume","No consume","No consume","NO SÉ","NO","NO SÉ",16.44
"46",2720,"Acudiente","De 29 a 59",NA,"Mujer","No deseo responder","Soltero(a) (viudo(a), divorciado(a), unión libre, unión marital de hecho)","Mestizo","Tecnológico","Empleado (a)","1","3","Medellín","1-Popular ","Popular 1 y 2",NA,"1","13;","8;","NO",2500000,"No es usuario del INDER Medellín",NA,"NO",NA,NA,NA,NA,NA,NA,NA,"6;","Acompañamiento de personal del INDER;","6","3","NO","NO","SI","Durante;","Agua;","NO","Normal",70,150,"8","No consume","No consume","NO",NA,NA,NA,NA,NA,NA,NA,NA,"No consume","No consume",NA,"No consume","No consume","No consume",NA,"No consume","No consume","No consume",NA,"NO","No consume",NA,"No consume",NA,"No consume","No consume","No consume","No consume","NO SÉ","NO","NO SÉ",31.11
"47",2732,"Usuario del INDER","De 29 a 59",NA,"Hombre","Otra","Soltero(a) (viudo(a), divorciado(a), unión libre, unión marital de hecho)","Blanco","Secundaria","Empleado (a)","Ninguno (a)","2","Medellín","1-Popular ","Popular 1 y 2",NA,"2","13;","8;","NO",1.4,"SI","Social;","SI","Dirigida","Dos veces","8;","10;","NO","Solo","9;",NA,NA,"1","1","NO","NO","SI","Después;","Agua;","NO","Normal",90,184,"7","No consume","Semanal","SI","SI",NA,"4","4;","8;","5","4","Por mejorar","No consume","No consume","5","No consume","No consume","No consume","5","No consume","No consume","No consume","5","SI","No consume","5","No consume","5","No consume","No consume","No consume","No consume","SI","SI","SI",26.58
"48",2805,"Usuario del INDER","De 29 a 59",NA,"Mujer","Heterosexual (Atracción hacia el sexo opuesto)","Soltero(a) (viudo(a), divorciado(a), unión libre, unión marital de hecho)","Mestizo","Técnico","Ama de casa / hombre de casa","3","2","Medellín","1-Popular ","Popular 1 y 2",NA,"2","13;","8;","NO",3e+05,"SI","Social;","NO",NA,NA,NA,NA,NA,NA,NA,"8;","Crear espacios de diálogo ciudadano;","3","2","NO","NO","SI","Después;","Agua;","NO","Delgado",54,150,"5","No consume","Quincenal","SI","SI",NA,"4","5;","8;","4","3","Buena","No consume","No consume","3","No consume","No consume","No consume","4","No consume","No consume","No consume",NA,"SI","No consume","4","No consume","4","No consume","No consume","No consume","No consume","SI","SI","SI",24
"49",2864,"Acudiente","De 18 a 28",NA,"Mujer","Heterosexual (Atracción hacia el sexo opuesto)","Soltero(a) (viudo(a), divorciado(a), unión libre, unión marital de hecho)","Mestizo","Secundaria","Empleado (a)","2","4 o más","Medellín","1-Popular ","Popular 1 y 2",NA,"2","13;","8;","NO",1e+06,"No es usuario del INDER Medellín",NA,"NO",NA,NA,NA,NA,NA,NA,NA,"6;","Crear espacios de diálogo ciudadano;","3","3","NO","NO","SI","Después;","Agua;","NO","Normal",68,160,"6","No consume","Diario","SI","NO","Cuido a un familiar",NA,NA,NA,NA,NA,NA,"Quincenal","No consume",NA,"No consume","No consume","No consume",NA,"No consume","No consume","No consume",NA,"SI","No consume",NA,"No consume",NA,"No consume","No consume","No consume","No consume","SI","SI","SI",26.56
"50",2889,"No es usuario del INDER","De 18 a 28",NA,"Mujer","Heterosexual (Atracción hacia el sexo opuesto)","Casado(a) ","Mestizo","Técnico","Desempleado (a)","1","2","Medellín","1-Popular ","Popular 1 y 2",NA,"2","13;","8;","NO",150,"No es usuario del INDER Medellín",NA,"NO",NA,NA,NA,NA,NA,NA,NA,"3;",NA,"7","2","SI","NO","SI","Después;","Agua;","NO","Con sobrepeso",85,165,"4","Mensual","No consume","NO",NA,NA,NA,NA,NA,NA,NA,NA,"No consume","No consume",NA,"No consume","No consume","No consume",NA,"No consume","No consume","No consume",NA,"NO","No consume",NA,"No consume",NA,"No consume","No consume","No consume","No consume","NO SÉ","NO","NO SÉ",31.22
"51",2900,"Acudiente","De 18 a 28",NA,"Mujer","Heterosexual (Atracción hacia el sexo opuesto)","Soltero(a) (viudo(a), divorciado(a), unión libre, unión marital de hecho)","Afrodescendiente, Mulato o Negro","Técnico","Ama de casa / hombre de casa","2","4 o más","Medellín","1-Popular ","Popular 1 y 2",NA,"4","13;","8;","NO",500,"NO",NA,"SI","Por cuenta propia","Tres o más","3;","1;","SI","Solo","16;",NA,NA,"4","4 o más","SI","SI","SI","Antes;","Agua;","SI","Normal",70,170,"9","Semanal","No consume","NO",NA,NA,NA,NA,NA,NA,NA,NA,"No consume","No consume",NA,"No consume","No consume","No consume",NA,"No consume","No consume","No consume",NA,"NO","No consume",NA,"No consume",NA,"No consume","No consume","No consume","No consume","NO SÉ","NO","NO SÉ",24.22
"52",2908,"Acudiente","De 18 a 28",NA,"Mujer","Heterosexual (Atracción hacia el sexo opuesto)","Soltero(a) (viudo(a), divorciado(a), unión libre, unión marital de hecho)","Mestizo","Técnico","Ama de casa / hombre de casa","2","4 o más","Medellín","1-Popular ","Popular 1 y 2",NA,"2","13;","8;","NO",400,"NO",NA,"NO",NA,NA,NA,NA,NA,NA,NA,"6;","Presencia de la Policía;","13","3","NO","NO","SI","Antes;","Agua;","NO","Normal",67,163,"5","No consume","No consume","SI","NO","No conozco la oferta",NA,NA,NA,NA,NA,NA,"No consume","No consume",NA,"No consume","No consume","No consume",NA,"No consume","No consume","No consume",NA,"SI","No consume",NA,"No consume",NA,"No consume","No consume","No consume","No consume","SI","NO","SI",25.22
"53",2912,"Acudiente","De 0 a 5","Mujer",NA,NA,NA,"Blanco","Primaria","Ama de casa / hombre de casa","1","3","Medellín","1-Popular ","Popular 1 y 2",NA,"1","7;","8;","NO",1e+06,"No es usuario del INDER Medellín",NA,"NO",NA,NA,NA,NA,NA,NA,NA,"3;",NA,"5","2","SI","NO","SI","Durante;","Agua;","NO","Con obesidad",90,160,"6","No consume","Diario","NO",NA,NA,NA,NA,NA,NA,NA,NA,"No consume","No consume",NA,"No consume","No consume","No consume",NA,"No consume","No consume","No consume",NA,"NO","No consume",NA,"No consume",NA,"No consume","No consume","No consume","No consume","NO SÉ","NO","NO SÉ",35.16
"54",2963,"No es usuario del INDER","De 29 a 59",NA,"Mujer","Heterosexual (Atracción hacia el sexo opuesto)","Soltero(a) (viudo(a), divorciado(a), unión libre, unión marital de hecho)","Afrodescendiente, Mulato o Negro","Secundaria","Otra","2","4 o más","Medellín","1-Popular ","Aldea Pablo VI",NA,"1","13;","8;","SI",3e+05,"No es usuario del INDER Medellín",NA,"NO",NA,NA,NA,NA,NA,NA,NA,"6;","Crear espacios de diálogo ciudadano;","9","3","NO","NO","SI","Durante;","Agua;","NO","Normal",62,149,"4","No consume","No consume","NO",NA,NA,NA,NA,NA,NA,NA,NA,"No consume","No consume",NA,"No consume","No consume","No consume",NA,"No consume","No consume","No consume",NA,"SI","No consume",NA,"No consume",NA,"No consume","No consume","No consume","No consume","NO SÉ","SI","SI",27.93
"55",2993,"Acudiente","De 29 a 59",NA,"Mujer","Heterosexual (Atracción hacia el sexo opuesto)","Soltero(a) (viudo(a), divorciado(a), unión libre, unión marital de hecho)","Mestizo","Primaria","Ama de casa / hombre de casa","Ninguno (a)","3","Medellín","1-Popular ","Popular 1 y 2",NA,"2","1;13;","8;","NO",1100000,"NO",NA,"NO",NA,NA,NA,NA,NA,NA,NA,"8;","Presencia de la Policía;","5","4 o más","SI","SI","SI","Durante;","Agua;","NO","Normal",54,150,"7","No consume","Diario","SI","NO","No hay nada cerca de mi casa",NA,NA,NA,NA,NA,NA,"No consume","No consume",NA,"No consume","No consume","No consume",NA,"No consume","No consume","No consume",NA,"SI","No consume",NA,"No consume",NA,"No consume","No consume","No consume","No consume","SI","SI","SI",24
"56",3064,"Acudiente","De 29 a 59",NA,"Hombre","Otra","Soltero(a) (viudo(a), divorciado(a), unión libre, unión marital de hecho)","Otra","Secundaria","Empleado (a)","1","4 o más","Medellín","1-Popular ","Popular 1 y 2",NA,"2","13;","8;","SI",1,"No es usuario del INDER Medellín",NA,"SI","Por cuenta propia","Tres o más","8;","4;","NO","Con amigos","13;",NA,NA,"2","3","SI","SI","SI","Durante;","Bebidas energizantes;","NO","Normal",71,170,"8","No consume","Mensual","SI","NO","Tengo otras opciones para ello",NA,NA,NA,NA,NA,NA,"No consume","No consume",NA,"No consume","No consume","No consume",NA,"No consume","No consume","No consume",NA,"NO","No consume",NA,"No consume",NA,"No consume","No consume","No consume","No consume","NO SÉ","NO","NO SÉ",24.57
"57",3191,"Acudiente","De 29 a 59",NA,"Mujer","Heterosexual (Atracción hacia el sexo opuesto)","Soltero(a) (viudo(a), divorciado(a), unión libre, unión marital de hecho)","Blanco","Secundaria","Ama de casa / hombre de casa","2","4 o más","Medellín","1-Popular ","Popular 1 y 2",NA,"2","13;","8;","NO",6e+05,"SI","Emocional;","SI","Dirigida","Una vez","1;4;7;","1;","NO","Con la familia","9;",NA,NA,"2","3","SI","SI","SI","Durante;","Agua;","NO","Normal",50,169,"4","Mensual","No consume","SI","SI",NA,"5","3;4;","8;","5","5","Excelente","No consume","No consume","5","No consume","No consume","No consume","5","No consume","No consume","No consume","5","NO","No consume","5","No consume","5","No consume","No consume","No consume","No consume","SI","SI","SI",17.51
"58",3198,"Acudiente","De 18 a 28",NA,"Mujer","Heterosexual (Atracción hacia el sexo opuesto)","Soltero(a) (viudo(a), divorciado(a), unión libre, unión marital de hecho)","Mestizo","Secundaria","Empleado (a)","1","3","Medellín","1-Popular ","Popular 1 y 2",NA,"2","13;","8;","NO",500,"SI","Físico;","NO",NA,NA,NA,NA,NA,NA,NA,"6;",NA,"5","3","NO","NO","NO","Durante;","Agua;","NO","Delgado",57,155,"5","Mensual","Diario","NO",NA,NA,NA,NA,NA,NA,NA,NA,"No consume","No consume",NA,"No consume","No consume","No consume",NA,"No consume","No consume","No consume",NA,"NO","No consume",NA,"No consume",NA,"No consume","No consume","No consume","No consume","SI","NO","NO SÉ",23.73
"59",3251,"Usuario del INDER","De 29 a 59",NA,"Hombre","Heterosexual (Atracción hacia el sexo opuesto)","Soltero(a) (viudo(a), divorciado(a), unión libre, unión marital de hecho)","Blanco","Técnico","Empleado (a)","Ninguno (a)","3","Medellín","1-Popular ","Santa Cecilia",NA,"2","13;","8;","NO",530000,"SI","Físico;","SI","Dirigida","Tres o más","4;7;8;","1;2;9;","NO","Con amigos","6;9;13;",NA,NA,"1","3","SI","NO","SI","Durante;Después;Antes;","Agua;","NO","Normal",70,175,"9","No consume","Semanal","SI","SI",NA,"7","1;4;5;","5;7;8;","5","5","Excelente","No consume","No consume","5","No consume","No consume","No consume","5","No consume","No consume","No consume","5","NO","No consume","5","No consume","5","No consume","No consume","No consume","No consume","SI","SI","SI",22.86
"60",3253,"Usuario del INDER","De 13 a 17","Hombre",NA,NA,NA,"Blanco","Secundaria","Estudiante","Ninguno (a)","3","Medellín","1-Popular ","Popular 1 y 2",NA,"1","13;","8;","NO",5e+05,"SI","Emocional;Social;","SI","Ambas","Dos veces","4;6;8;","1;7;8;","NO","Con amigos","1;4;9;",NA,NA,"1","3","NO","NO","SI","Después;","Agua;","NO","Normal",63,165,"10","No consume","No consume","SI","SI",NA,"6","4;7;8;","5;","5","5","Excelente","No consume","No consume","5","No consume","No consume","Mensual","5","Quincenal","No consume","No consume","5","NO","No consume","5","No consume","5","No consume","No consume","No consume","No consume","NO SÉ","NO","NO SÉ",23.14
"61",3500,"Usuario del INDER","De 13 a 17","Hombre",NA,NA,NA,"Mestizo","Secundaria","Estudiante","Ninguno (a)","4 o más","Medellín","1-Popular ","Moscú 2",NA,"2","13;","8;","SI",0,"SI","Físico;","SI","Ambas","Tres o más","4;","4;","NO","Con compañeros de estudio o trabajo","4;",NA,NA,"1","3","SI","SI","SI","Durante;","Agua;","NO","Delgado",32,152,"5","No consume","Semanal","SI","SI",NA,"4","1;","9;","1","3","Buena","No consume","No consume","1","No consume","No consume","No consume","4","No consume","No consume","No consume","1","SI","No consume","1","No consume","1","No consume","No consume","No consume","No consume","NO SÉ","NO","NO SÉ",13.85
"62",3518,"Acudiente","De 29 a 59",NA,"Mujer","Heterosexual (Atracción hacia el sexo opuesto)","Soltero(a) (viudo(a), divorciado(a), unión libre, unión marital de hecho)","Mestizo","Secundaria","Ama de casa / hombre de casa","Ninguno (a)","3","Medellín","1-Popular ","Popular 1 y 2",NA,"2","13;","8;","NO",400,"No es usuario del INDER Medellín",NA,"NO",NA,NA,NA,NA,NA,NA,NA,"3;9;10;","Crear espacios de diálogo ciudadano;","2","4 o más","SI","SI","SI","Durante;","Agua;","SI","Normal",18,170,"10","No consume","No consume","SI","NO","No hay nada cerca de mi casa",NA,NA,NA,NA,NA,NA,"No consume","No consume",NA,"No consume","No consume","No consume",NA,"No consume","No consume","No consume",NA,"NO","No consume",NA,"No consume",NA,"No consume","No consume","No consume","No consume","NO SÉ","NO","SI",6.23
"63",3618,"Acudiente","De 18 a 28",NA,"Mujer","Heterosexual (Atracción hacia el sexo opuesto)","Soltero(a) (viudo(a), divorciado(a), unión libre, unión marital de hecho)","Mestizo","Tecnológico","Ama de casa / hombre de casa","2","4 o más","Medellín","1-Popular ","Popular 1 y 2",NA,"2","13;","8;","SI",1300000,"No es usuario del INDER Medellín",NA,"SI","Ambas","Tres o más","4;7;8;","1;2;4;","NO","Con la familia","4;",NA,NA,"2","3","NO","NO","SI","Antes;Durante;Después;","Agua;","NO","Normal",56,161,"7","No consume","Quincenal","NO",NA,NA,NA,NA,NA,NA,NA,NA,"No consume","No consume",NA,"No consume","No consume","No consume",NA,"No consume","No consume","No consume",NA,"NO","No consume",NA,"No consume",NA,"No consume","No consume","No consume","No consume","NO SÉ","NO","NO SÉ",21.6
"64",3626,"Acudiente","De 29 a 59",NA,"Mujer","Heterosexual (Atracción hacia el sexo opuesto)","Soltero(a) (viudo(a), divorciado(a), unión libre, unión marital de hecho)","Otra","Secundaria","Empleado (a)","2","2","Medellín","1-Popular ","Popular 1 y 2",NA,"1","13;","8;","NO",1e+06,"SI","Emocional;","NO",NA,NA,NA,NA,NA,NA,NA,"10;","Crear espacios de diálogo ciudadano;","13","2","NO","NO","SI","Después;","Agua;","NO","Normal",70,150,"8","No consume","No consume","SI","SI",NA,"6","4;","9;","5","5","Excelente","No consume","No consume",NA,"No consume","No consume","No consume","4","No consume","No consume","No consume",NA,"SI","No consume","4","No consume","5","No consume","No consume","No consume","No consume","NO SÉ","SI","SI",31.11
"65",3635,"Usuario del INDER","De 18 a 28",NA,"Mujer","Heterosexual (Atracción hacia el sexo opuesto)","Soltero(a) (viudo(a), divorciado(a), unión libre, unión marital de hecho)","Blanco","Secundaria","Ama de casa / hombre de casa","3","3","Medellín","1-Popular ","Popular 1 y 2",NA,"2","12;","8;","NO",4,"NO",NA,"SI","Por cuenta propia","Tres o más","3;","9;","SI","Con la familia","13;",NA,NA,"5","4 o más","NO","NO","SI","Durante;","Agua;","NO","Normal",62,160,"10","Mensual","Semanal","SI","NO","No me interesa",NA,NA,NA,NA,NA,NA,"No consume","No consume",NA,"No consume","No consume","No consume",NA,"No consume","No consume","No consume",NA,"NO","No consume",NA,"No consume",NA,"No consume","No consume","No consume","No consume","SI","NO","SI",24.22
"66",3652,"Acudiente","De 18 a 28",NA,"Mujer","Heterosexual (Atracción hacia el sexo opuesto)","Soltero(a) (viudo(a), divorciado(a), unión libre, unión marital de hecho)","Mestizo","Técnico","Empleado (a)","1","4 o más","Medellín","1-Popular ","Popular 1 y 2",NA,"2","7;","8;","NO",2,"SI","Físico;","NO",NA,NA,NA,NA,NA,NA,NA,"6;",NA,"6","3","NO","NO","SI","Durante;","Agua;","NO","Con sobrepeso",69,152,"7","No consume","Diario","SI","NO","No conozco la oferta",NA,NA,NA,NA,NA,NA,"No consume","No consume",NA,"No consume","No consume","No consume",NA,"No consume","No consume","No consume",NA,"NO","No consume",NA,"No consume",NA,"No consume","No consume","No consume","No consume","SI","SI","SI",29.86
"67",3689,"Acudiente","De 29 a 59",NA,"Mujer","Heterosexual (Atracción hacia el sexo opuesto)","Soltero(a) (viudo(a), divorciado(a), unión libre, unión marital de hecho)","Ninguna","Técnico","Desempleado (a)","1","3","Medellín","1-Popular ","Popular 1 y 2",NA,"2","13;","8;","NO",1500000,"SI","Físico;","NO",NA,NA,NA,NA,NA,NA,NA,"5;",NA,"2","2","SI","SI","SI","Durante;","Agua;","NO","Con obesidad",87,150,"3","No consume","No consume","SI","NO","No hay nada cerca de mi casa",NA,NA,NA,NA,NA,NA,"No consume","No consume",NA,"No consume","No consume","No consume",NA,"No consume","No consume","No consume",NA,"NO","No consume",NA,"No consume",NA,"No consume","No consume","No consume","No consume","NO SÉ","NO","NO SÉ",38.67
"68",3692,"Acudiente","De 18 a 28",NA,"Mujer","Heterosexual (Atracción hacia el sexo opuesto)","Soltero(a) (viudo(a), divorciado(a), unión libre, unión marital de hecho)","Otra","Secundaria","Empleado (a)","1","4 o más","Medellín","1-Popular ","Popular 1 y 2",NA,"2","13;","8;","NO",1500000,"NO",NA,"NO",NA,NA,NA,NA,NA,NA,NA,"6;",NA,"13","2","NO","NO","SI","Antes;","Agua;","NO","Con sobrepeso",70,155,"2","Mensual","Diario","NO",NA,NA,NA,NA,NA,NA,NA,NA,"No consume","No consume",NA,"No consume","No consume","No consume",NA,"No consume","No consume","No consume",NA,"NO","No consume",NA,"No consume",NA,"No consume","No consume","No consume","No consume","SI","NO","SI",29.14
"69",3695,"Acudiente","De 29 a 59",NA,"Mujer","Heterosexual (Atracción hacia el sexo opuesto)","Soltero(a) (viudo(a), divorciado(a), unión libre, unión marital de hecho)","Indígena","Secundaria","Ama de casa / hombre de casa","4 ó más","4 o más","Medellín","1-Popular ","Popular 1 y 2",NA,"2","13;","8;","NO",1100,"SI","Emocional;","SI","Por cuenta propia","Tres o más","1;2;","2;6;","NO","Solo","9;",NA,NA,"2","3","NO","NO","SI","Durante;","Agua;","NO","Con sobrepeso",68,160,"3","Quincenal","No consume","NO",NA,NA,NA,NA,NA,NA,NA,NA,"No consume","No consume",NA,"No consume","No consume","No consume",NA,"No consume","No consume","No consume",NA,"NO","No consume",NA,"No consume",NA,"No consume","No consume","No consume","No consume","NO SÉ","NO","NO SÉ",26.56
"70",3759,"No es usuario del INDER","De 18 a 28",NA,"Mujer","Heterosexual (Atracción hacia el sexo opuesto)","Soltero(a) (viudo(a), divorciado(a), unión libre, unión marital de hecho)","Indígena","Secundaria","Ama de casa / hombre de casa","3","4 o más","Medellín","1-Popular ","Popular 1 y 2",NA,"1","13;","8;","NO",2e+05,"No es usuario del INDER Medellín",NA,"NO",NA,NA,NA,NA,NA,NA,NA,"10;","Acompañamiento de juntas de acción comunal;","13","2","NO","NO","SI","Durante;","Agua;","NO","Normal",62,160,"7","No consume","Diario","NO",NA,NA,NA,NA,NA,NA,NA,NA,"No consume","No consume",NA,"No consume","No consume","No consume",NA,"No consume","No consume","No consume",NA,"NO","No consume",NA,"No consume",NA,"No consume","No consume","No consume","No consume","NO SÉ","NO","NO SÉ",24.22
"71",3814,"Acudiente","De 18 a 28",NA,"Mujer","Heterosexual (Atracción hacia el sexo opuesto)","Soltero(a) (viudo(a), divorciado(a), unión libre, unión marital de hecho)","Ninguna","Secundaria","Ama de casa / hombre de casa","3","4 o más","Medellín","1-Popular ","Popular 1 y 2",NA,"No aplica","13;","8;","NO",20000,"No es usuario del INDER Medellín",NA,"NO",NA,NA,NA,NA,NA,NA,NA,"10;","Acompañamiento de juntas de acción comunal;","7","2","NO","NO","SI","Después;Durante;","Agua;","NO","Normal",62,165,"7","No consume","No consume","NO",NA,NA,NA,NA,NA,NA,NA,NA,"No consume","No consume",NA,"No consume","No consume","No consume",NA,"No consume","No consume","No consume",NA,"NO","No consume",NA,"No consume",NA,"No consume","No consume","No consume","No consume","NO SÉ","NO","NO SÉ",22.77
"72",3833,"Acudiente","De 29 a 59",NA,"Mujer","Heterosexual (Atracción hacia el sexo opuesto)","Soltero(a) (viudo(a), divorciado(a), unión libre, unión marital de hecho)","Ninguna","Técnico","Empleado (a)","1","4 o más","Medellín","1-Popular ","Popular 1 y 2",NA,"2","13;","8;","NO",2500000,"No es usuario del INDER Medellín",NA,"NO",NA,NA,NA,NA,NA,NA,NA,"6;","Crear espacios de diálogo ciudadano;","9","3","NO","NO","SI","Durante;","Agua;","NO","Con sobrepeso",70,160,"4","Mensual","Diario","SI","NO","No conozco la oferta",NA,NA,NA,NA,NA,NA,"No consume","No consume",NA,"No consume","No consume","No consume",NA,"No consume","No consume","No consume",NA,"NO","No consume",NA,"No consume",NA,"No consume","No consume","No consume","No consume","NO SÉ","NO","SI",27.34
"73",3841,"Acudiente","De 18 a 28",NA,"Mujer","Heterosexual (Atracción hacia el sexo opuesto)","Soltero(a) (viudo(a), divorciado(a), unión libre, unión marital de hecho)","Blanco","Primaria","Ama de casa / hombre de casa","2","3","Medellín","1-Popular ","Popular 1 y 2",NA,"2","13;","8;","NO",2e+05,"No es usuario del INDER Medellín",NA,"NO",NA,NA,NA,NA,NA,NA,NA,"6;","Crear espacios de diálogo ciudadano;","7","3","NO","NO","SI","Durante;","Agua;","NO","Delgado",46,155,"8","Mensual","No consume","NO",NA,NA,NA,NA,NA,NA,NA,NA,"No consume","No consume",NA,"No consume","No consume","No consume",NA,"No consume","No consume","No consume",NA,"SI","No consume",NA,"No consume",NA,"No consume","No consume","No consume","No consume","SI","NO","NO SÉ",19.15
"74",4004,"Acudiente","De 29 a 59",NA,"Mujer","Heterosexual (Atracción hacia el sexo opuesto)","Soltero(a) (viudo(a), divorciado(a), unión libre, unión marital de hecho)","Mestizo","Técnico","Empleado (a)","2","4 o más","Medellín","1-Popular ","Popular 1 y 2",NA,"2","13;","8;","NO",1200000,"No es usuario del INDER Medellín",NA,"NO",NA,NA,NA,NA,NA,NA,NA,"6;","Crear espacios de diálogo ciudadano;","6","4 o más","SI","SI","SI","Después;","Agua;","NO","Delgado",60,167,"4","No consume","Diario","SI","NO","Incompatibilidad horaria",NA,NA,NA,NA,NA,NA,"No consume","No consume",NA,"No consume","No consume","No consume",NA,"No consume","No consume","No consume",NA,"SI","No consume",NA,"No consume",NA,"No consume","No consume","No consume","No consume","NO SÉ","SI","NO SÉ",21.51
"75",4075,"Acudiente","De 29 a 59",NA,"Mujer","Heterosexual (Atracción hacia el sexo opuesto)","Casado(a) ","Mestizo","Técnico","Ama de casa / hombre de casa","4 ó más","3","Medellín","1-Popular ","Popular 1 y 2",NA,"2","1;","8;","SI",900,"No es usuario del INDER Medellín",NA,"NO",NA,NA,NA,NA,NA,NA,NA,"6;","Presencia de la Policía;","6","3","SI","SI","SI","Antes;","Agua;","NO","Normal",64,160,"2","No consume","No consume","NO",NA,NA,NA,NA,NA,NA,NA,NA,"No consume","No consume",NA,"No consume","No consume","No consume",NA,"No consume","No consume","No consume",NA,"NO","No consume",NA,"No consume",NA,"No consume","No consume","No consume","No consume","NO SÉ","NO","NO SÉ",25
"76",4141,"Acudiente","De 29 a 59",NA,"Mujer","Heterosexual (Atracción hacia el sexo opuesto)","Soltero(a) (viudo(a), divorciado(a), unión libre, unión marital de hecho)","Ninguna","Técnico","Ama de casa / hombre de casa","1","4 o más","Medellín","1-Popular ","Santo Domingo Savio",NA,"1","1;","8;","SI",8e+05,"SI","Físico;","NO",NA,NA,NA,NA,NA,NA,NA,"8;",NA,"4","3","SI","SI","SI","Durante;","Agua;","NO","Normal",69,166,"3","Mensual","Diario","SI","NO","Incompatibilidad horaria",NA,NA,NA,NA,NA,NA,"No consume","No consume",NA,"Diario","No consume","No consume",NA,"No consume","No consume","No consume",NA,"SI","No consume",NA,"No consume",NA,"No consume","No consume","No consume","No consume","SI","NO","SI",25.04
"77",4269,"Acudiente","De 29 a 59",NA,"Mujer","Heterosexual (Atracción hacia el sexo opuesto)","Casado(a) ","Ninguna","Tecnológico","Ama de casa / hombre de casa","2","4 o más","Medellín","1-Popular ","Granizal",NA,"2","13;","8;","NO",800,"No es usuario del INDER Medellín",NA,"NO",NA,NA,NA,NA,NA,NA,NA,"6;",NA,"7","3","NO","NO","SI","Después;","Agua;","NO","Normal",69,160,"5","No consume","Semanal","SI","NO","No hay nada cerca de mi casa",NA,NA,NA,NA,NA,NA,"No consume","No consume",NA,"No consume","No consume","No consume",NA,"No consume","No consume","No consume",NA,"NO","No consume",NA,"No consume",NA,"No consume","No consume","No consume","No consume","NO","NO","SI",26.95
"78",4305,"Acudiente","De 29 a 59",NA,"Mujer","Heterosexual (Atracción hacia el sexo opuesto)","Casado(a) ","Ninguna","Secundaria","Ama de casa / hombre de casa","1","4 o más","Medellín","1-Popular ","Popular 1 y 2",NA,"2","13;","8;","SI",1e+06,"SI","Físico;","NO",NA,NA,NA,NA,NA,NA,NA,"8;",NA,"8","3","SI","SI","NO","Durante;","Agua;","NO","Delgado",52,157,"4","Quincenal","Diario","SI","NO","No hay nada cerca de mi casa",NA,NA,NA,NA,NA,NA,"No consume","No consume",NA,"No consume","No consume","No consume",NA,"No consume","No consume","No consume",NA,"SI","No consume",NA,"No consume",NA,"No consume","No consume","No consume","No consume","NO SÉ","NO","NO SÉ",21.1
"79",4347,"Acudiente","De 29 a 59",NA,"Mujer","Heterosexual (Atracción hacia el sexo opuesto)","Soltero(a) (viudo(a), divorciado(a), unión libre, unión marital de hecho)","Blanco","Secundaria","Empleado (a)","2","4 o más","Medellín","1-Popular ","Popular 1 y 2",NA,"2","13;","8;","NO",8e+05,"SI","Emocional;Físico;","NO",NA,NA,NA,NA,NA,NA,NA,"6;",NA,"6","3","NO","NO","NO","Durante;","Agua;","NO","Con sobrepeso",73,150,"7","No consume","No consume","SI","NO","No conozco la oferta",NA,NA,NA,NA,NA,NA,"No consume","No consume",NA,"No consume","No consume","No consume",NA,"No consume","No consume","No consume",NA,"NO","No consume",NA,"No consume",NA,"No consume","No consume","No consume","No consume","NO SÉ","NO","NO SÉ",32.44
"80",4369,"Usuario del INDER","De 18 a 28",NA,"Hombre","Heterosexual (Atracción hacia el sexo opuesto)","Soltero(a) (viudo(a), divorciado(a), unión libre, unión marital de hecho)","Mestizo","Secundaria","Desempleado (a)","1","3","Medellín","1-Popular ","Granizal",NA,"2","13;","8;","NO",1.5,"SI","Físico;","SI","Dirigida","Dos veces","7;","1;","NO","Con amigos","14;",NA,NA,"2","2","NO","NO","SI","Antes;Durante;Después;","Agua;Bebidas energizantes;","NO","Normal",62,170,"3","Mensual","Diario","SI","SI",NA,"4","7;",NA,NA,NA,"Regular","No consume","No consume",NA,"No consume","No consume","No consume",NA,"No consume","No consume","No consume",NA,"SI","No consume",NA,"No consume",NA,"No consume","No consume","No consume","No consume","NO SÉ","SI","SI",21.45
"81",4494,"Usuario del INDER","De 29 a 59",NA,"Mujer","Heterosexual (Atracción hacia el sexo opuesto)","Soltero(a) (viudo(a), divorciado(a), unión libre, unión marital de hecho)","Ninguna","Secundaria","Otra","1","1","Medellín","1-Popular ","Popular 1 y 2",NA,"1","12;","8;","SI",840000,"SI","Físico;","NO",NA,NA,NA,NA,NA,NA,NA,"1;10;",NA,"12","2","NO","NO","SI","Antes;Durante;Después;","Agua;","NO","Normal",55,160,"7","Mensual","Mensual","SI","NO","Cuido a un familiar",NA,NA,NA,NA,NA,NA,"No consume","No consume",NA,"Semanal","No consume","No consume",NA,"No consume","No consume","No consume",NA,"SI","No consume",NA,"No consume",NA,"No consume","No consume","No consume","No consume","SI","SI","SI",21.48
"82",4611,"Usuario del INDER","De 18 a 28",NA,"Mujer","Heterosexual (Atracción hacia el sexo opuesto)","Soltero(a) (viudo(a), divorciado(a), unión libre, unión marital de hecho)","Mestizo","Secundaria","Ama de casa / hombre de casa","2","3","Medellín","1-Popular ","Popular 1 y 2",NA,"1","13;","8;","NO",1e+06,"SI","Físico;Social;","NO",NA,NA,NA,NA,NA,NA,NA,"8;",NA,"1","3","SI","SI","SI","Durante;","Agua;","NO","Normal",63,160,"9","No consume","No consume","SI","SI",NA,"4","4;","9;","4","4","Buena","No consume","No consume","4","No consume","No consume","No consume","4","No consume","No consume","No consume","4","NO","No consume","3","No consume","5","No consume","No consume","No consume","No consume","NO SÉ","SI","NO SÉ",24.61
"83",4614,"Acudiente","De 18 a 28",NA,"Mujer","Heterosexual (Atracción hacia el sexo opuesto)","Soltero(a) (viudo(a), divorciado(a), unión libre, unión marital de hecho)","Mestizo","Tecnológico","Estudiante","1","2","Medellín","1-Popular ","Popular 1 y 2",NA,"2","13;","8;","SI",1e+06,"SI","Emocional;Físico;","NO",NA,NA,NA,NA,NA,NA,NA,"8;","Acompañamiento de personal del INDER;","12","2","NO","NO","NO","Durante;","Bebidas hidratantes;","NO","Normal",67,165,"1","Semanal","No consume","SI","NO","Incompatibilidad horaria",NA,NA,NA,NA,NA,NA,"No consume","No consume",NA,"No consume","No consume","No consume",NA,"No consume","No consume","No consume",NA,"NO","No consume",NA,"No consume",NA,"No consume","No consume","No consume","No consume","NO SÉ","NO","NO SÉ",24.61
"84",4657,"Acudiente","De 18 a 28",NA,"Mujer","Heterosexual (Atracción hacia el sexo opuesto)","Soltero(a) (viudo(a), divorciado(a), unión libre, unión marital de hecho)","Ninguna","Primaria","Ama de casa / hombre de casa","1","4 o más","Medellín","1-Popular ","Popular 1 y 2",NA,"No aplica","3;","8;","NO",1e+06,"No es usuario del INDER Medellín",NA,"NO",NA,NA,NA,NA,NA,NA,NA,"10;",NA,"13","3","NO","NO","SI","Durante;","Agua;","SI","Normal",22,122,"5","No consume","No consume","SI","NO","No conozco la oferta",NA,NA,NA,NA,NA,NA,"No consume","No consume",NA,"No consume","No consume","No consume",NA,"No consume","No consume","No consume",NA,"NO","No consume",NA,"No consume",NA,"No consume","No consume","No consume","No consume","NO SÉ","NO","NO SÉ",14.78
"85",4673,"Usuario del INDER","De 6 a 12","Mujer",NA,NA,NA,"Ninguna","Primaria","Estudiante","Ninguno (a)","4 o más","Medellín","1-Popular ","Santo Domingo Savio",NA,"1","12;","8;","SI",1e+06,"SI","Emocional;Físico;Social;","SI","Ambas","Tres o más","4;6;8;","1;6;9;","NO","Con compañeros de estudio o trabajo","4;9;",NA,NA,"1","3","NO","NO","SI","Durante;","Agua;","NO","Delgado",30,149,"8","No consume","No consume","SI","SI",NA,"4","2;4;8;","8;","4","4","Buena","No consume","No consume","3","No consume","No consume","No consume","4","No consume","No consume","No consume","3","NO","No consume","3","No consume","4","No consume","No consume","No consume","No consume","SI","NO","NO SÉ",13.51
"86",4677,"Acudiente","De 29 a 59",NA,"Mujer","Heterosexual (Atracción hacia el sexo opuesto)","Soltero(a) (viudo(a), divorciado(a), unión libre, unión marital de hecho)","Ninguna","Técnico","Empleado (a)","1","4 o más","Medellín","1-Popular ","Villa Guadalupe",NA,"2","13;","8;","NO",2e+05,"SI","Físico;Emocional;Social;","NO",NA,NA,NA,NA,NA,NA,NA,"2;","Presencia de la Policía;Crear espacios de diálogo ciudadano;","6","3","SI","NO","SI","Durante;","Agua;","NO","Con sobrepeso",80,165,"5","Mensual","Semanal","SI","SI",NA,"4","4;","5;","4","3","Buena","No consume","No consume","3","No consume","No consume","No consume","4","No consume","No consume","No consume","5","NO","No consume","4","No consume","5","No consume","No consume","No consume","No consume","NO SÉ","NO","NO SÉ",29.38
"87",4724,"Acudiente","De 6 a 12","Hombre",NA,NA,NA,"Ninguna","Primaria","Ama de casa / hombre de casa","2","3","Medellín","1-Popular ","Santo Domingo Savio",NA,"2","3;","8;","NO",1e+06,"SI","Social;","SI","Dirigida","Dos veces","4;","2;4;6;","NO","Con amigos","9;",NA,NA,"1","3","NO","SI","NO","Durante;","Agua;","NO","Normal",38,144,"10","No consume","No consume","SI","SI",NA,"6","3;4;5;","1;2;","4","5","Excelente","No consume","No consume","5","No consume","No consume","No consume","5","No consume","No consume","No consume","5","NO","No consume","5","No consume","5","No consume","No consume","No consume","No consume","SI","SI","SI",18.33
"88",4740,"Usuario del INDER","De 0 a 5","Mujer",NA,NA,NA,"Mestizo","Primaria","No sabe/No responde","4 ó más","4 o más","Medellín","1-Popular ","Popular 1 y 2",NA,"2","13;","8;","NO",1e+06,"NO",NA,"SI","Ambas","Tres o más","4;","2;","NO","Con compañeros de estudio o trabajo","4;",NA,NA,"2","3","SI","SI","SI","Antes;Después;","Agua;","NO","Delgado",16,105,"8","No consume","No consume","SI","SI",NA,"6","4;","9;","3","1","Excelente","No consume","No consume","1","No consume","No consume","No consume","1","No consume","No consume","No consume","1","NO","No consume","1","No consume","1","No consume","No consume","No consume","No consume","NO SÉ","SI","SI",14.51
"89",4762,"Acudiente","De 29 a 59",NA,"Mujer","Heterosexual (Atracción hacia el sexo opuesto)","Soltero(a) (viudo(a), divorciado(a), unión libre, unión marital de hecho)","Ninguna","Primaria","Ama de casa / hombre de casa","Ninguno (a)","2","Medellín","1-Popular ","Santo Domingo Savio",NA,"1","2;","2;8;","NO",1e+05,"SI","Físico;Social;","NO",NA,NA,NA,NA,NA,NA,NA,"8;",NA,"13","2","SI","SI","NO","Después;","Gaseosas;","NO","Con sobrepeso",79,151,"3","No consume","No consume","SI","NO","No me interesa",NA,NA,NA,NA,NA,NA,"No consume","No consume",NA,"No consume","No consume","No consume",NA,"No consume","No consume","No consume",NA,"NO","No consume",NA,"No consume",NA,"No consume","No consume","No consume","No consume","NO SÉ","NO","NO SÉ",34.65
"90",4801,"Usuario del INDER","De 13 a 17","Mujer",NA,NA,NA,"Mestizo","Secundaria","Estudiante","1","3","Medellín","1-Popular ","Granizal",NA,"1","13;","8;","NO",1,"SI","Físico;","SI","Dirigida","Una vez","6;","9;","NO","Con amigos","4;",NA,NA,"7","3","SI","SI","SI","Durante;","Agua;","NO","Normal",45,160,"5","No consume","Diario","SI","SI",NA,"5","1;3;6;","8;","5","5","Excelente","No consume","No consume","5","No consume","No consume","No consume","4","No consume","No consume","No consume","5","SI","No consume","4","No consume","5","No consume","No consume","No consume","No consume","SI","SI","NO SÉ",17.58
"91",4827,"Usuario del INDER","De 6 a 12","Hombre",NA,NA,NA,"Ninguna","Primaria","Estudiante","1","4 o más","Medellín","1-Popular ","Popular 1 y 2",NA,"No aplica","13;","8;","NO",1,"SI","Físico;","SI","Por cuenta propia","Dos veces","10;","3;","NO","Con compañeros de estudio o trabajo","16;",NA,NA,"12","3","NO","NO","SI","Antes;Durante;Después;","Agua;","NO","Normal",38,140,"6","No consume","No consume","SI","SI",NA,"4","3;","3;","4","4","Buena","No consume","No consume","4","No consume","No consume","No consume","4","No consume","No consume","No consume","4","NO","No consume","3","No consume","4","No consume","No consume","No consume","No consume","NO SÉ","NO","NO SÉ",19.39
"92",4926,"Acudiente","De 29 a 59",NA,"Mujer","No deseo responder","Casado(a) ","Blanco","Tecnológico","Ama de casa / hombre de casa","Ninguno (a)","4 o más","Medellín","1-Popular ","Popular 1 y 2",NA,"1","13;","8;","NO",200,"No es usuario del INDER Medellín",NA,"NO",NA,NA,NA,NA,NA,NA,NA,"6;",NA,"3","3","SI","SI","SI","Antes;Después;","Agua;Bebidas hidratantes;","SI","Delgado",49,160,"9","No consume","No consume","SI","NO","No hay nada cerca de mi casa",NA,NA,NA,NA,NA,NA,"No consume","No consume",NA,"No consume","No consume","No consume",NA,"No consume","No consume","No consume",NA,"NO","No consume",NA,"No consume",NA,"No consume","No consume","No consume","No consume","NO SÉ","NO","NO SÉ",19.14
"93",4930,"Usuario del INDER","De 13 a 17","Mujer",NA,NA,NA,"Ninguna","Secundaria","Estudiante","Ninguno (a)","1","Medellín","1-Popular ","Granizal",NA,"2","3;","8;","NO",2e+06,"SI","Físico;Emocional;Social;","SI","Ambas","Una vez","3;4;6;","1;2;6;","NO","Con la familia","2;4;9;",NA,NA,"5","3","NO","SI","NO","Después;Durante;Antes;","Gaseosas;Bebidas hidratantes;Bebidas energizantes;","NO","Normal",44,150,"5","No consume","Quincenal","SI","SI",NA,"6","7;","5;","3","3","Buena","No consume","No consume","2","No consume","No consume","No consume","3","No consume","No consume","No consume","4","NO","No consume","4","No consume","5","No consume","No consume","No consume","No consume","NO SÉ","NO","NO SÉ",19.56
"94",4942,"Usuario del INDER","De 13 a 17","Mujer",NA,NA,NA,"Ninguna","Secundaria","Estudiante","Ninguno (a)","4 o más","Medellín","1-Popular ","Popular 1 y 2",NA,"2","13;","2;","NO",700,"SI","Físico;","SI","Ambas","Dos veces","4;","4;6;8;","SI","Con amigos","9;",NA,NA,"1","3","NO","NO","SI","Durante;","Agua;","NO","Normal",50,160,"9","No consume","No consume","SI","SI",NA,"4","4;7;8;","8;","5","4","Buena","No consume","No consume","5","No consume","No consume","No consume","4","No consume","No consume","No consume","5","NO","No consume","4","No consume","5","No consume","No consume","No consume","No consume","NO SÉ","NO","NO SÉ",19.53
"95",4976,"Acudiente","De 29 a 59",NA,"Mujer","Heterosexual (Atracción hacia el sexo opuesto)","Soltero(a) (viudo(a), divorciado(a), unión libre, unión marital de hecho)","Ninguna","Pregrado","Estudiante","1","4 o más","Medellín","1-Popular ","Santo Domingo Savio",NA,"2","13;","3;","NO",1e+06,"SI","Físico;","SI","Dirigida","Tres o más","8;","9;","SI","Solo","9;",NA,NA,"1","3","SI","SI","SI","Después;Durante;Antes;","Agua;","NO","Normal",52,140,"7","No consume","No consume","SI","SI",NA,"4","4;","4;5;6;","5","4","Buena","No consume","No consume","4","No consume","No consume","No consume","5","No consume","No consume","No consume","4","SI","No consume","3","No consume","4","No consume","No consume","No consume","No consume","SI","SI","SI",26.53
"96",5006,"Acudiente","De 29 a 59",NA,"Mujer","Heterosexual (Atracción hacia el sexo opuesto)","Soltero(a) (viudo(a), divorciado(a), unión libre, unión marital de hecho)","Mestizo","Técnico","Otra","2","4 o más","Medellín","1-Popular ","San Pablo",NA,"2","13;","8;","NO",1e+06,"SI","Emocional;Social;","NO",NA,NA,NA,NA,NA,NA,NA,"10;","Presencia de la Policía;Acompañamiento de juntas de acción comunal;","1","3","NO","NO","SI","Durante;","Agua;","NO","Normal",57,150,"7","No consume","No consume","SI","SI",NA,"6","4;","9;","3","4","Buena","No consume","No consume","4","No consume","No consume","No consume","4","No consume","No consume","No consume","4","NO","No consume","4","No consume","4","No consume","No consume","No consume","No consume","SI","NO","NO SÉ",25.33
"97",5050,"Acudiente","De 29 a 59",NA,"Mujer","Heterosexual (Atracción hacia el sexo opuesto)","Soltero(a) (viudo(a), divorciado(a), unión libre, unión marital de hecho)","Mestizo","Secundaria","Otra","1","2","Medellín","1-Popular ","Granizal",NA,"2","4;5;12;","8;","NO",5e+05,"SI","Social;","NO",NA,NA,NA,NA,NA,NA,NA,"4;",NA,"13","3","SI","SI","SI","Durante;","Agua;","NO","Con sobrepeso",75,160,"4","No consume","No consume","SI","SI",NA,"4","8;","8;","5",NA,"Excelente","No consume","No consume",NA,"No consume","No consume","No consume",NA,"No consume","No consume","No consume",NA,"NO","No consume",NA,"No consume",NA,"No consume","No consume","No consume","No consume","SI","NO","SI",29.3
"98",5065,"Acudiente","De 18 a 28",NA,"Mujer","Heterosexual (Atracción hacia el sexo opuesto)","Soltero(a) (viudo(a), divorciado(a), unión libre, unión marital de hecho)","Afrodescendiente, Mulato o Negro","Secundaria","Empleado (a)","1","2","Medellín","1-Popular ","Granizal",NA,"2","13;","8;","SI",1200000,"NO",NA,"SI","Por cuenta propia","Una vez","7;","1;","NO","Con la familia","9;",NA,NA,"1","3","NO","NO","SI","Después;","Agua;","NO","Con sobrepeso",65,157,"5","Mensual","No consume","NO",NA,NA,NA,NA,NA,NA,NA,NA,"No consume","No consume",NA,"No consume","No consume","No consume",NA,"No consume","No consume","No consume",NA,"NO","No consume",NA,"No consume",NA,"No consume","No consume","No consume","No consume","NO SÉ","NO","NO SÉ",26.37
"99",5095,"Usuario del INDER","De 29 a 59",NA,"Hombre","Heterosexual (Atracción hacia el sexo opuesto)","Soltero(a) (viudo(a), divorciado(a), unión libre, unión marital de hecho)","Blanco","Secundaria","Desempleado (a)","Ninguno (a)","3","Medellín","1-Popular ","Villa Guadalupe",NA,"2","8;","6;","NO",1e+05,"SI","Físico;Emocional;Social;","NO",NA,NA,NA,NA,NA,NA,NA,"3;","Acompañamiento de personal del INDER;","2","3","NO","NO","SI","Durante;","Agua;","NO","Normal",60,174,"6","No consume","Mensual","SI","SI",NA,"4","3;4;","8;","5","5","Excelente","No consume","No consume","5","No consume","No consume","No consume","5","No consume","No consume","No consume","5","NO","No consume","5","No consume","5","No consume","No consume","No consume","No consume","SI","NO","SI",19.82
"100",5125,"Acudiente","De 29 a 59",NA,"Mujer","Otra","Casado(a) ","Blanco","Secundaria","Ama de casa / hombre de casa","2","3","Medellín","1-Popular ","Popular 1 y 2",NA,"2","12;","8;","SI",1e+06,"No es usuario del INDER Medellín",NA,"SI","Por cuenta propia","Dos veces","3;","4;","NO","Solo","9;17;",NA,NA,"2","3","SI","SI","SI","Durante;","Agua;","NO","Normal",70,162,"5","No consume","Diario","SI","SI",NA,"6","4;7;8;","8;","5","5","Buena","No consume","No consume","5","No consume","No consume","No consume","5","No consume","No consume","No consume","5","NO","No consume","4","No consume","5","No consume","No consume","No consume","No consume","NO SÉ","NO","NO SÉ",26.67
"101",5127,"Acudiente","De 6 a 12","Mujer",NA,NA,NA,"Mestizo","Primaria","Estudiante","Ninguno (a)","4 o más","Medellín","1-Popular ","Granizal",NA,"1","13;","8;","SI",5e+05,"SI","Emocional;Físico;","SI","Ambas","Dos veces","4;","1;","NO","Con la familia","9;",NA,NA,"2","3","NO","NO","SI","Durante;","Agua;","NO","Delgado",40,140,"8","No consume","No consume","SI","NO","No conozco la oferta",NA,NA,NA,NA,NA,NA,"No consume","No consume",NA,"No consume","No consume","No consume",NA,"No consume","No consume","No consume",NA,"SI","No consume",NA,"No consume",NA,"No consume","No consume","No consume","No consume","SI","NO","NO SÉ",20.41
"102",5173,"Acudiente","De 29 a 59",NA,"Mujer","Heterosexual (Atracción hacia el sexo opuesto)","Casado(a) ","Mestizo","Técnico","Ama de casa / hombre de casa","2","3","Medellín","1-Popular ","Granizal",NA,"2","13;","8;","NO",1e+06,"SI","Emocional;","SI","Dirigida","Dos veces","6;","2;","NO","Con amigos","4;",NA,NA,"2","4 o más","NO","NO","SI","Durante;","Agua;","NO","Normal",50,151,"8","No consume","No consume","SI","SI",NA,"4","8;","8;","5","4","Buena","No consume","No consume","4","No consume","No consume","No consume","4","No consume","No consume","No consume","4","NO","No consume","3","No consume","4","No consume","No consume","No consume","No consume","SI","NO","SI",21.93
"103",5177,"Acudiente","De 29 a 59",NA,"Hombre","Heterosexual (Atracción hacia el sexo opuesto)","Casado(a) ","Blanco","Técnico","Empleado (a)","2","4 o más","Medellín","1-Popular ","Granizal",NA,"1","13;","8;","NO",1.117,"SI","Emocional;Físico;Social;","NO",NA,NA,NA,NA,NA,NA,NA,"8;","Acompañamiento de juntas de acción comunal;Acompañamiento de personal del INDER;Presencia de la Policía;","5","3","SI","SI","SI","Durante;","Agua;","NO","Normal",88,167,"6","Semanal","Diario","SI","SI",NA,"4","1;2;6;","8;","5","5","Excelente","No consume","No consume","5","No consume","No consume","No consume","5","No consume","No consume","No consume","5","NO","No consume","5","No consume","5","No consume","No consume","No consume","No consume","SI","NO","NO SÉ",31.55
"104",5187,"Usuario del INDER","De 13 a 17","Mujer",NA,NA,NA,"Mestizo","Secundaria","Estudiante","Ninguno (a)","2","Medellín","1-Popular ","Popular 1 y 2",NA,"2","13;","8;","SI",0,"SI","Emocional;Físico;","SI","Dirigida","Una vez","6;","1;","NO","Con amigos","4;",NA,NA,"1","2","SI","SI","SI","Después;","Agua;","SI","Delgado",38,150,"4","No consume","Quincenal","SI","SI",NA,"6","1;","8;","5","5","Excelente","No consume","No consume","5","No consume","No consume","No consume","5","No consume","No consume","No consume","5","NO","No consume","5","No consume","5","No consume","No consume","No consume","No consume","SI","NO","SI",16.89
"105",5233,"Usuario del INDER","De 6 a 12","Mujer",NA,NA,NA,"Mestizo","Secundaria","Estudiante","Ninguno (a)","4 o más","Medellín","1-Popular ","Popular 1 y 2",NA,"2","13;","8;","NO",520000,"SI","Emocional;Físico;Social;","SI","Ambas","Tres o más","2;4;7;","1;4;8;","NO","Con la familia","4;9;",NA,NA,"4","4 o más","NO","NO","SI","Durante;","Agua;","NO","Normal",60,150,"10","No consume","No consume","SI","SI",NA,"6","2;","8;","5",NA,"Excelente","No consume","No consume","5","No consume","No consume","No consume","5","No consume","No consume","No consume","5","SI","No consume","5","No consume","5","No consume","No consume","No consume","No consume","SI","NO","NO SÉ",26.67
"106",5256,"Acudiente","De 29 a 59",NA,"Mujer","Otra","Soltero(a) (viudo(a), divorciado(a), unión libre, unión marital de hecho)","Mestizo","Secundaria","Desempleado (a)","1","3","Medellín","1-Popular ","Santa Cecilia",NA,"2","7;","8;","NO",5e+05,"SI","Social;","SI","Ambas","Tres o más","8;","2;","NO","Solo","16;",NA,NA,"2","2","SI","NO","SI","Después;","Agua;","NO","Con sobrepeso",69,156,"6","No consume","No consume","SI","NO","No hay nada cerca de mi casa",NA,NA,NA,NA,NA,NA,"No consume","No consume",NA,"No consume","No consume","No consume",NA,"No consume","No consume","No consume",NA,"NO","No consume",NA,"No consume",NA,"No consume","No consume","No consume","No consume","NO SÉ","NO","NO SÉ",28.35
"107",5265,"Usuario del INDER","De 13 a 17","Mujer",NA,NA,NA,"Ninguna","Secundaria","Estudiante","1","2","Medellín","1-Popular ","Granizal",NA,"2","13;","8;","NO",8e+05,"SI","Emocional;Físico;Social;","SI","Ambas","Dos veces","6;","1;","NO","Con compañeros de estudio o trabajo","9;",NA,NA,"1","3","SI","SI","SI","Antes;Durante;Después;","Agua;","NO","Con sobrepeso",55,161,"7","No consume","Diario","SI","SI",NA,"3","1;3;6;","8;","4","4","Excelente","No consume","No consume","5","No consume","No consume","No consume","5","No consume","No consume","No consume","5","NO","No consume","5","No consume","5","No consume","No consume","No consume","No consume","NO SÉ","NO","NO SÉ",21.22
"108",5311,"Usuario del INDER","De 18 a 28",NA,"Mujer","No deseo responder","Soltero(a) (viudo(a), divorciado(a), unión libre, unión marital de hecho)","Ninguna","Tecnológico","Estudiante","Ninguno (a)","4 o más","Medellín","1-Popular ","Granizal",NA,"1","13;","8;","SI",5e+05,"SI","Emocional;Físico;Social;","NO",NA,NA,NA,NA,NA,NA,NA,"6;","Acompañamiento de juntas de acción comunal;Acompañamiento de personal del INDER;Presencia de la Policía;Crear espacios de diálogo ciudadano;","12","3","SI","NO","SI","Después;","Agua;","NO","Delgado",60,160,"8","No consume","Quincenal","SI","NO","Incompatibilidad horaria",NA,NA,NA,NA,NA,NA,"No consume","No consume",NA,"No consume","No consume","No consume",NA,"No consume","No consume","No consume",NA,"NO","No consume",NA,"No consume",NA,"No consume","No consume","No consume","No consume","NO SÉ","NO","NO SÉ",23.44
"109",5374,"Usuario del INDER","De 6 a 12","Mujer",NA,NA,NA,"Ninguna","Secundaria","Otra","1","2","Medellín","1-Popular ","Granizal",NA,"2","13;","8;","NO",1e+06,"SI","Emocional;","SI","Dirigida","Una vez","10;","1;","NO","Con amigos","9;",NA,NA,"1","3","SI","SI","SI","Durante;","Agua;","NO","Normal",40,140,"8","No consume","No consume","SI","SI",NA,"10","1;","8;","4",NA,"Buena","No consume","No consume",NA,"No consume","No consume","No consume",NA,"No consume","No consume","No consume",NA,"NO","No consume",NA,"No consume",NA,"No consume","No consume","Mensual","Semanal","NO SÉ","SI","SI",20.41
"110",5501,"Usuario del INDER","De 13 a 17","Mujer",NA,NA,NA,"Ninguna","Secundaria","Estudiante","Ninguno (a)","4 o más","Medellín","1-Popular ","Granizal",NA,"1","13;","8;","NO",200,"SI","Físico;","SI","Ambas","Una vez","4;","10;","NO","Solo","9;",NA,NA,"13","3","NO","NO","NO","Durante;","Agua;","NO","Normal",39,143,"1","No consume","No consume","NO",NA,NA,NA,NA,NA,NA,NA,NA,"No consume","No consume",NA,"No consume","No consume","No consume",NA,"No consume","No consume","No consume",NA,"NO","No consume",NA,"No consume",NA,"No consume","No consume","No consume","No consume","NO SÉ","NO","NO SÉ",19.07
"111",5582,"Acudiente","De 29 a 59",NA,"Mujer","Heterosexual (Atracción hacia el sexo opuesto)","Casado(a) ","Blanco","Secundaria","Ama de casa / hombre de casa","2","3","Medellín","1-Popular ","Santo Domingo Savio",NA,"2","3;","8;","NO",530000,"SI","Emocional;Físico;","SI","Por cuenta propia","Dos veces","7;8;","2;5;","NO","Solo","17;",NA,NA,"11","3","NO","SI","NO","Durante;","Agua;","NO","Normal",57,157,"3","No consume","Mensual","SI","SI",NA,"6","8;","8;","3","3","Buena","No consume","No consume","3","No consume","No consume","No consume","3","No consume","No consume","No consume","3","NO","No consume","3","No consume","3","No consume","No consume","No consume","No consume","NO","NO","NO SÉ",23.12
"112",5616,"Usuario del INDER","De 18 a 28",NA,"Hombre","Heterosexual (Atracción hacia el sexo opuesto)","Soltero(a) (viudo(a), divorciado(a), unión libre, unión marital de hecho)","Mestizo","Técnico","Estudiante","Ninguno (a)","3","Medellín","1-Popular ","Santo Domingo Savio",NA,"2","13;","8;","SI",1e+06,"SI","Emocional;Físico;Social;","SI","Ambas","Tres o más","4;8;","4;9;10;","NO","Con compañeros de estudio o trabajo","2;9;",NA,NA,"1","3","NO","NO","SI","Durante;Después;","Agua;","NO","Delgado",60,177,"9","Mensual","Semanal","SI","SI",NA,"4","1;3;8;","9;","4","4","Buena","No consume","No consume","4","No consume","No consume","No consume","4","No consume","No consume","No consume","4","NO","No consume","4","No consume","4","No consume","No consume","No consume","No consume","NO SÉ","NO","NO SÉ",19.15
"113",5664,"Acudiente","De 18 a 28",NA,"Mujer","Heterosexual (Atracción hacia el sexo opuesto)","Soltero(a) (viudo(a), divorciado(a), unión libre, unión marital de hecho)","Blanco","Secundaria","Ama de casa / hombre de casa","2","3","Medellín","1-Popular ","Popular 1 y 2",NA,"2","13;","8;","NO",1200000,"SI","Social;","NO",NA,NA,NA,NA,NA,NA,NA,"10;","Crear espacios de diálogo ciudadano;","3","3","NO","NO","SI","Después;","Agua;","NO","Normal",55,160,"7","No consume","Semanal","SI","SI",NA,"5","5;","8;","5","5","Excelente","No consume","No consume","5","No consume","No consume","No consume","5","No consume","No consume","No consume","5","NO","No consume","5","No consume","5","No consume","No consume","No consume","No consume","SI","NO","NO SÉ",21.48
"114",5688,"Acudiente","De 18 a 28",NA,"Mujer","Heterosexual (Atracción hacia el sexo opuesto)","Soltero(a) (viudo(a), divorciado(a), unión libre, unión marital de hecho)","Blanco","Secundaria","Ama de casa / hombre de casa","2","3","Medellín","1-Popular ","La Avanzada",NA,"1","13;","8;","SI",4e+05,"SI","Físico;","NO",NA,NA,NA,NA,NA,NA,NA,"3;",NA,"2","3","NO","NO","SI","Durante;","Agua;","NO","Normal",50,152,"6","No consume","No consume","SI","SI",NA,"4","8;","8;","5","5","Excelente","No consume","No consume","5","No consume","No consume","No consume","5","No consume","No consume","No consume","5","SI","No consume","5","No consume","5","No consume","No consume","No consume","No consume","SI","SI","SI",21.64
"115",5689,"Acudiente","De 18 a 28",NA,"Mujer","Heterosexual (Atracción hacia el sexo opuesto)","Soltero(a) (viudo(a), divorciado(a), unión libre, unión marital de hecho)","Blanco","Secundaria","Ama de casa / hombre de casa","2","3","Medellín","1-Popular ","La Avanzada",NA,"1","13;","8;","SI",4e+05,"SI","Físico;","NO",NA,NA,NA,NA,NA,NA,NA,"3;",NA,"2","3","NO","NO","SI","Durante;","Agua;","NO","Normal",50,152,"6","No consume","No consume","SI","SI",NA,"4","8;","8;","5","5","Excelente","No consume","No consume","5","No consume","No consume","No consume","5","No consume","No consume","No consume","5","SI","No consume","5","No consume","5","No consume","No consume","No consume","No consume","SI","SI","SI",21.64
"116",5695,"Usuario del INDER","De 29 a 59",NA,"Hombre","Heterosexual (Atracción hacia el sexo opuesto)","Soltero(a) (viudo(a), divorciado(a), unión libre, unión marital de hecho)","Blanco","Secundaria","Desempleado (a)","Ninguno (a)","2","Medellín","1-Popular ","Santo Domingo Savio",NA,"1","12;","2;","SI",5e+05,"SI","Físico;","SI","Ambas","Tres o más","4;","10;","NO","Con amigos","9;",NA,NA,"2","3","NO","NO","SI","Durante;","Agua;","NO","Normal",59,170,"8","No consume","Diario","SI","SI",NA,"4","4;","8;","5","5","Buena","No consume","No consume","3","No consume","No consume","No consume","5","No consume","No consume","No consume","3","SI","No consume","5","No consume","5","No consume","No consume","No consume","No consume","NO SÉ","NO","SI",20.42
"117",5706,"Usuario del INDER","De 29 a 59",NA,"Mujer","No deseo responder","Soltero(a) (viudo(a), divorciado(a), unión libre, unión marital de hecho)","Ninguna","Primaria","Otra","Ninguno (a)","3","Medellín","1-Popular ","Popular 1 y 2",NA,"2","6;12;","6;","NO",2e+05,"SI","Físico;","SI","Ambas","Dos veces","4;","10;","NO","Con amigos","9;",NA,NA,"2","3","NO","NO","SI","Durante;Después;","Agua;","NO","Normal",65,163,"8","No consume","No consume","SI","SI",NA,"7","4;","8;","4","4","Por mejorar","No consume","No consume","5","No consume","No consume","No consume","3","No consume","No consume","No consume","5","NO","No consume","4","No consume","5","No consume","No consume","No consume","No consume","NO SÉ","NO","NO SÉ",24.46
"118",5754,"Acudiente","De 60 o más",NA,"Mujer","Heterosexual (Atracción hacia el sexo opuesto)","Casado(a) ","Mestizo","Primaria","Ama de casa / hombre de casa","3","3","Medellín","1-Popular ","La esperanza 2",NA,"1","5;","8;","NO",1e+06,"SI","Físico;Emocional;","NO",NA,NA,NA,NA,NA,NA,NA,"6;",NA,"6","2","SI","SI","NO","Después;","Otras;","NO","Normal",55,155,"5","No consume","Diario","SI","SI",NA,"4","4;","9;","5","4","Buena","No consume","No consume","4","Diario","No consume","No consume","5","No consume","No consume","No consume","3","NO","No consume","5","No consume","5","No consume","No consume","No consume","No consume","SI","NO","SI",22.89
"119",5757,"Usuario del INDER","De 29 a 59",NA,"Mujer","No deseo responder","Soltero(a) (viudo(a), divorciado(a), unión libre, unión marital de hecho)","Blanco","Secundaria","Ama de casa / hombre de casa","Ninguno (a)","2","Medellín","1-Popular ","Popular 1 y 2",NA,"1","4;5;","1;","SI",8e+05,"SI","Social;","NO",NA,NA,NA,NA,NA,NA,NA,"4;","Presencia de la Policía;","7","2","NO","NO","SI","Durante;","Agua;","NO","Normal",56,155,"4","No consume","Diario","SI","SI",NA,"4","4;","3;","5","5","Excelente","No consume","No consume","5","No consume","No consume","No consume","3","No consume","No consume","No consume","3","NO","No consume","4","No consume","1","No consume","No consume","No consume","No consume","SI","NO","SI",23.31
"120",5761,"Acudiente","De 29 a 59",NA,"Mujer","Heterosexual (Atracción hacia el sexo opuesto)","Soltero(a) (viudo(a), divorciado(a), unión libre, unión marital de hecho)","Otra","Técnico","Ama de casa / hombre de casa","3","4 o más","Medellín","1-Popular ","La esperanza 2",NA,"1","10;","8;","NO",1e+06,"SI","Emocional;Físico;Social;","SI","Dirigida","Dos veces","4;","1;2;5;","NO","Con amigos","9;",NA,NA,"1","3","NO","NO","SI","Antes;Después;","Agua;","NO","Normal",35,130,"7","No consume","No consume","SI","SI",NA,"4","1;2;4;","8;","2","4","Buena","No consume","No consume","3","No consume","No consume","No consume","3","No consume","No consume","No consume","4","NO","No consume","3","No consume","4","No consume","No consume","No consume","No consume","NO SÉ","NO","NO SÉ",20.71
"121",5805,"No es usuario del INDER","De 29 a 59",NA,"Mujer","Heterosexual (Atracción hacia el sexo opuesto)","Soltero(a) (viudo(a), divorciado(a), unión libre, unión marital de hecho)","Mestizo","Secundaria","Desempleado (a)","1","1","Medellín","1-Popular ","San Pablo",NA,"1","13;","8;","NO",800,"NO",NA,"NO",NA,NA,NA,NA,NA,NA,NA,"8;",NA,"6","2","NO","NO","SI","Durante;","Agua;","NO","Normal",74,165,"2","Semanal","Diario","NO",NA,NA,NA,NA,NA,NA,NA,NA,"No consume","No consume",NA,"No consume","No consume","No consume",NA,"Semanal","No consume","No consume",NA,"NO","No consume",NA,"No consume",NA,"No consume","No consume","No consume","No consume","NO SÉ","NO","NO SÉ",27.18
"122",5807,"Acudiente","De 18 a 28",NA,"Mujer","Heterosexual (Atracción hacia el sexo opuesto)","Soltero(a) (viudo(a), divorciado(a), unión libre, unión marital de hecho)","Blanco","Primaria","Ama de casa / hombre de casa","2","3","Medellín","1-Popular ","Moscú 2",NA,"2","13;","8;","NO",1e+06,"No es usuario del INDER Medellín",NA,"NO",NA,NA,NA,NA,NA,NA,NA,"6;",NA,"7","2","NO","NO","SI","Después;","Agua;","NO","Normal",60,170,"4","Semanal","Semanal","NO",NA,NA,NA,NA,NA,NA,NA,NA,"No consume","No consume",NA,"No consume","No consume","No consume",NA,"No consume","No consume","No consume",NA,"NO","No consume",NA,"No consume",NA,"No consume","No consume","No consume","No consume","NO SÉ","NO","NO SÉ",20.76
"123",5849,"Usuario del INDER","De 13 a 17","Hombre",NA,NA,NA,"Mestizo","Secundaria","Estudiante","Ninguno (a)","4 o más","Medellín","1-Popular ","Santo Domingo Savio",NA,"1","13;","8;","SI",600,"SI","Físico;Emocional;Social;","SI","Ambas","Dos veces","4;","1;2;","NO","Con amigos","9;",NA,NA,"1","2","SI","SI","SI","Después;","Agua;","NO","Delgado",43,150,"2","No consume","No consume","SI","SI",NA,"4","2;","8;","4","5","Excelente","No consume","No consume","4","No consume","No consume","No consume","3","No consume","No consume","No consume","4","SI","No consume","3","No consume","5","No consume","No consume","No consume","No consume","NO SÉ","SI","SI",19.11
"124",5853,"Usuario del INDER","De 6 a 12","Mujer",NA,NA,NA,"Blanco","Secundaria","Estudiante","Ninguno (a)","4 o más","Medellín","1-Popular ","Popular 1 y 2",NA,"2","13;","8;","NO",1.5,"SI","Emocional;","SI","Dirigida","Dos veces","4;","8;","NO","Con amigos","4;",NA,NA,"5","4 o más","SI","SI","SI","Durante;","Agua;","NO","Normal",43,142,"8","No consume","No consume","SI","SI",NA,"6","1;","8;","5","5","Excelente","No consume","No consume","5","No consume","No consume","No consume","5","No consume","No consume","No consume","4","SI","No consume","1","No consume","5","No consume","No consume","No consume","No consume","SI","NO","SI",21.33
"125",6028,"Acudiente","De 29 a 59",NA,"Mujer","Heterosexual (Atracción hacia el sexo opuesto)","Soltero(a) (viudo(a), divorciado(a), unión libre, unión marital de hecho)","Ninguna","Tecnológico","Empleado (a)","Ninguno (a)","2","Medellín","1-Popular ","Granizal",NA,"1","13;","8;","NO",2e+05,"SI","Físico;","NO",NA,NA,NA,NA,NA,NA,NA,"10;","Acompañamiento de personal del INDER;","9","3","SI","SI","NO","Después;","Agua;","NO","Normal",68,159,"3","No consume","No consume","NO",NA,NA,NA,NA,NA,NA,NA,NA,"No consume","No consume",NA,"No consume","No consume","No consume",NA,"No consume","No consume","No consume",NA,"NO","No consume",NA,"No consume",NA,"No consume","No consume","No consume","No consume","NO SÉ","NO","NO SÉ",26.9
